Workbook

Sheet Sheet1
R1: 0.9
P2: =SUM(P4:P5) -> 22644597 | Q2: =SUM(Q4:Q5) -> 0 | R2: =SUM(R4:R5) -> 20380137
J3: ABS 포지션 | K3: =ABS(K4)+K5 -> 30406600 | O3: 상품 | P3: ETF 델타 | Q3: 선물 델타 | R3: NET 델타 | S3: 계약수 환산 | T3: 필요 계약수 | U3: 당일 손익 | V3: NET
J4: 매도 포지션 | K4: =SUMIFS($N$15:$N$977,$N$15:$N$977,"<0") -> 0 | N4: =U4/ABS(N14) -> 0.20016713 | O4: KOSPI 200 | P4: =X14 -> 1234294 | Q4: =N10 -> 0 | R4: =(P4+Q4)*R1 -> 1110864.6 | S4: =R4/T10 -> 0.021581502 | T4: =S4*-1 -> -0.021581502 | U4: =S9+T14 -> 6086402 | V4: 바스켓
J5: 매수 포재션 | K5: =SUMIFS($N$15:$N$977,$N$15:$N$977,">0") -> 30406600 | N5: =U4/N12 -> 0.20142311 | O5: KOSDAQ 150 | P5: =Y14 -> 21410303 | Q5: =N11 -> 0 | R5: =(P5+Q5)*R1 -> 19269273 | S5: =R5/T11 -> 1.4059005 | T5: =S5*-1 -> -1.4059005 | V5: 현금
B7: 종목코드 | C7: 종목명 | D7: 1CU | E7: 시장 거래량 | F7: 펀드코드 | G7: 당일매도수량 | H7: 당일매도금액 | I7: 매도단가 | J7: 당일매수수량 | K7: 당일매수금액 | L7: 매수단가 | M7: NET 포지션 수량 | N7: NET 포지션 금액 | O7: CU 비중 | P7: 현재가 | Q7: 매도 손익 | R7: 매수 손익 | S7: 당일 손익 | T7: 1계약 델타 | U7: 전체 잔고 수량
B9: - | C9: - | D9: - | E9: - | F9: - | G9: =SUM(G10:G11) -> 93 | H9: =SUM(H10:H11) -> 2938118000 | I9: - | J9: =SUM(J10:J11) -> 93 | K9: =SUM(K10:K11) -> 2928765000 | L9: - | M9: =SUM(M10:M11) -> 0 | N9: =SUM(N10:N11) -> 0 | O9: - | P9: - | Q9: =SUM(Q10:Q11) -> 39479000 | R9: =SUM(R10:R11) -> -30126000 | S9: =SUM(S10:S11) -> 9353000 | T9: =SUM(T10:T11) -> 65179000 | U9: =SUM(U10:U11) -> 0
B10: A0569 | C10: 미니 코스피 200 선물 | D10: 0 | E10: - | F10: 028875 | G10: =IF([1]!'028875^A0569:SELL_TDY_QTY'="NO", 0, [1]!'028875^A0569:SELL_TDY_QTY') -> 43 | H10: =IF([1]!'028875^A0569:SELL_TDY_AMT'="NO", 0, [1]!'028875^A0569:SELL_TDY_AMT') -> 2242428000 | I10: =IFERROR(H10/G10/50000,0) -> 1042.9898 | J10: =IF([1]!'028875^A0569:BUY_TDY_QTY'="NO", 0, [1]!'028875^A0569:BUY_TDY_QTY') -> 43 | K10: =IF([1]!'028875^A0569:BUY_TDY_AMT'="NO", 0, [1]!'028875^A0569:BUY_TDY_AMT') -> 2233695000 | L10: =IFERROR(K10/J10/50000,0) -> 1038.9279 | M10: =J10-G10 -> 0 | N10: =M10*P10*50000 -> 0 | O10: - | P10: =[1]!'A0569:LAST' -> 1029.46 | Q10: =(P10-I10)*-1*G10*50000 -> 29089000 | R10: =(P10-L10)*J10*50000 -> -20356000 | S10: =Q10+R10 -> 8733000 | T10: =P10*50000 -> 51473000 | U10: =IF([1]!'028875^A0569:QTY'="NO", 0, [1]!'028875^A0569:QTY') -> 0
B11: A0669 | C11: 코스닥 150 선물 | D11: 0 | E11: - | F11: 028875 | G11: =IF([1]!'028875^A0669:SELL_TDY_QTY'="NO", 0, [1]!'028875^A0669:SELL_TDY_QTY') -> 50 | H11: =IF([1]!'028875^A0669:SELL_TDY_AMT'="NO", 0, [1]!'028875^A0669:SELL_TDY_AMT') -> 695690000 | I11: =IFERROR(H11/G11/10000,0) -> 1391.38 | J11: =IF([1]!'028875^A0669:BUY_TDY_QTY'="NO", 0, [1]!'028875^A0669:BUY_TDY_QTY') -> 50 | K11: =IF([1]!'028875^A0669:BUY_TDY_AMT'="NO", 0, [1]!'028875^A0669:BUY_TDY_AMT') -> 695070000 | L11: =IFERROR(K11/J11/10000,0) -> 1390.14 | M11: =J11-G11 -> 0 | N11: =M11*P11*10000 -> 0 | O11: - | P11: =[1]!'A0669:LAST' -> 1370.6 | Q11: =(P11-I11)*-1*G11*10000 -> 10390000 | R11: =(P11-L11)*J11*10000 -> -9770000 | S11: =Q11+R11 -> 620000 | T11: =P11*10000 -> 13706000 | U11: =IF([1]!'028875^A0669:QTY'="NO", 0, [1]!'028875^A0669:QTY') -> 0
G12: =@IF(@KBMonitor|DATA!'019875^091220:SELL_TDY_QTY'="NO", 0, KBMonitor|DATA!'019875^091220:SELL_TDY_QTY') | N12: =AE14 -> 30217000 | T12: * 200과 150은 전일종가(금액)으로 계산 | AA12: 유리 여부
B13: 종목코드 | C13: 종목명 | D13: 1CU | E13: 시장 거래량 | F13: 펀드코드 | G13: 당일매도수량 | H13: 당일매도금액 | I13: 매도단가 | J13: 당일매수수량 | K13: 당일매수금액 | L13: 매수단가 | M13: NET 포지션 수량 | N13: NET 포지션 금액 | O13: CU 비중 | P13: 현재가 | Q13: NAV | R13: 매도 손익 | S13: 매수 손익 | T13: 당일 손익 | U13: KS 베타 | V13: KQ 베타 | W13: R-Squared | X13: W.KOSPI200 | Y13: W.KOSDAQ150 | Z13: W.200&150 외 | AA13: 매도 손익 (nav 대비) | AB13: 매수 손익 (nav 대비) | AC13: 매도 손익 (nav 대비) | AD13: 매수 손익 (nav 대비) | AE13: 포지션 abs
B14: - | C14: - | D14: - | E14: - | F14: - | G14: =SUM(G15:G943) -> 218583 | H14: =SUM(H15:H943) -> 4781740996 | I14: - | J14: =SUM(J15:J943) -> 220247 | K14: =SUM(K15:K943) -> 4815414194 | L14: - | M14: =SUM(M15:M943) -> 1664 | N14: =SUM(N15:N943) -> 30406600 | O14: - | P14: - | Q14: - | R14: =SUM(R15:R943) -> 61580971 | S14: =SUM(S15:S943) -> -64847569 | T14: =SUM(T15:T943) -> -3266598 | U14: =AVERAGE(U15:U978) -> 0.25538684 | V14: =AVERAGE(V15:V978) -> 0.46778684 | W14: =AVERAGE(W15:W978) -> 0.5729 | X14: =SUM(X15:X978) -> 1234294 | Y14: =SUM(Y15:Y978) -> 21410303 | Z14: =SUM(Z15:Z978) -> 7762002.9 | AA14: =SUM(AA15:AA978) -> 0 | AB14: =SUM(AB15:AB978) -> -5.88372 | AC14: =SUM(AC15:AC978) -> 0 | AD14: =SUM(AD15:AD978) -> 4.0907217 | AE14: =SUM(AE15:AE978) -> 30217000 | AG14: 종목코드 | AH14: 정리매매 | AJ14: 매도 bp | AK14: 매수 bp
B15: 396500 | C15: TIGER 반도체TOP10 | D15: =VLOOKUP("A"&B15,[2]ETF!$A$4:$M$10000,13,FALSE) -> 50000 | E15: =[1]!'396500:VOL'+0 -> 7983087 | F15: 019875 | G15: =IF([1]!'019875^396500:SELL_TDY_QTY'="NO", 0, [1]!'019875^396500:SELL_TDY_QTY') -> 78372 | H15: =IF([1]!'019875^396500:SELL_TDY_AMT'="NO", 0, [1]!'019875^396500:SELL_TDY_AMT') -> 2680505060 | I15: =IFERROR(H15/G15,0) -> 34202.331 | J15: =IF([1]!'019875^396500:BUY_TDY_QTY'="NO", 0, [1]!'019875^396500:BUY_TDY_QTY') -> 78372 | K15: =IF([1]!'019875^396500:BUY_TDY_AMT'="NO", 0, [1]!'019875^396500:BUY_TDY_AMT') -> 2686885015 | L15: =IFERROR(K15/J15,0) -> 34283.737 | M15: =J15-G15 -> 0 | N15: =M15*P15 -> 0 | O15: =M15/D15 -> 0 | P15: =[1]!'396500:LAST' -> 33765 | Q15: =[1]!'396500:NAV' -> 33833.49 | R15: =(P15-I15)*-1*G15 -> 34274480 | S15: =(P15-L15)*J15 -> -40654435 | T15: =R15+S15 -> -6379955 | U15: =_xlfn.IFNA(VLOOKUP(B15,[2]베타!$A$2:$C$1000,3,FALSE),0) -> 1.1175 | V15: =_xlfn.IFNA(VLOOKUP(B15,[2]베타!$A$2:$D$1000,4,FALSE),0) -> 0.1842 | W15: =_xlfn.IFNA(VLOOKUP(B15,[2]베타!$A$2:$E$1000,5,FALSE),0) -> 0.9274 | X15: =M15*Q15*U15 -> 0 | Y15: =M15*Q15*V15 -> 0 | Z15: =(P15*M15)-(X15+Y15) -> 0 | AA15: =IF(M15<0, P15-Q15, 0) -> 0 | AB15: =IF(M15>0, Q15*(1-0.2%)-P15, 0) -> 0 | AC15: =AA15/Q15*10000 -> 0 | AD15: =AB15/Q15*10000 -> 0 | AE15: =ABS(N15) -> 0 | AG15: =B15 -> 396500 | AH15: =-1*M15 -> 0 | AJ15: =ROUNDUP(VLOOKUP(B15,[2]베타!$A$2:$L$1000,12,FALSE),0) -> -3 | AK15: =ROUNDUP(VLOOKUP(B15,[2]베타!$A$2:$M$1000,13,FALSE),0) -> -20
B16: 228790 | C16: TIGER 화장품 | D16: =VLOOKUP("A"&B16,[2]ETF!$A$4:$M$10000,13,FALSE) -> 30000 | E16: =[1]!'228790:VOL'+0 -> 10053039 | F16: 019875 | G16: =IF([1]!'019875^228790:SELL_TDY_QTY'="NO", 0, [1]!'019875^228790:SELL_TDY_QTY') -> 4059 | H16: =IF([1]!'019875^228790:SELL_TDY_AMT'="NO", 0, [1]!'019875^228790:SELL_TDY_AMT') -> 19281855 | I16: =IFERROR(H16/G16,0) -> 4750.3954 | J16: =IF([1]!'019875^228790:BUY_TDY_QTY'="NO", 0, [1]!'019875^228790:BUY_TDY_QTY') -> 4059 | K16: =IF([1]!'019875^228790:BUY_TDY_AMT'="NO", 0, [1]!'019875^228790:BUY_TDY_AMT') -> 19323495 | L16: =IFERROR(K16/J16,0) -> 4760.6541 | M16: =J16-G16 -> 0 | N16: =M16*P16 -> 0 | O16: =M16/D16 -> 0 | P16: =[1]!'228790:LAST' -> 4680 | Q16: =[1]!'228790:NAV' -> 4707.35 | R16: =(P16-I16)*-1*G16 -> 285735 | S16: =(P16-L16)*J16 -> -327375 | T16: =R16+S16 -> -41640 | U16: =_xlfn.IFNA(VLOOKUP(B16,[2]베타!$A$2:$C$1000,3,FALSE),0) -> -0.211 | V16: =_xlfn.IFNA(VLOOKUP(B16,[2]베타!$A$2:$D$1000,4,FALSE),0) -> 0.5851 | W16: =_xlfn.IFNA(VLOOKUP(B16,[2]베타!$A$2:$E$1000,5,FALSE),0) -> 0.3567 | X16: =M16*Q16*U16 -> 0 | Y16: =M16*Q16*V16 -> 0 | Z16: =(P16*M16)-(X16+Y16) -> 0 | AA16: =IF(M16<0, P16-Q16, 0) -> 0 | AB16: =IF(M16>0, Q16*(1-0.2%)-P16, 0) -> 0 | AC16: =AA16/Q16*10000 -> 0 | AD16: =AB16/Q16*10000 -> 0 | AE16: =ABS(N16) -> 0 | AG16: =B16 -> 228790 | AH16: =-1*M16 -> 0 | AJ16: =ROUNDUP(VLOOKUP(B16,[2]베타!$A$2:$L$1000,12,FALSE),0) -> 14 | AK16: =ROUNDUP(VLOOKUP(B16,[2]베타!$A$2:$M$1000,13,FALSE),0) -> -28
B17: 462010 | C17: TIGER 2차전지소재Fn | D17: =VLOOKUP("A"&B17,[2]ETF!$A$4:$M$10000,13,FALSE) -> 50000 | E17: =[1]!'462010:VOL'+0 -> 2680571 | F17: 019875 | G17: =IF([1]!'019875^462010:SELL_TDY_QTY'="NO", 0, [1]!'019875^462010:SELL_TDY_QTY') -> 1767 | H17: =IF([1]!'019875^462010:SELL_TDY_AMT'="NO", 0, [1]!'019875^462010:SELL_TDY_AMT') -> 8706400 | I17: =IFERROR(H17/G17,0) -> 4927.2213 | J17: =IF([1]!'019875^462010:BUY_TDY_QTY'="NO", 0, [1]!'019875^462010:BUY_TDY_QTY') -> 1767 | K17: =IF([1]!'019875^462010:BUY_TDY_AMT'="NO", 0, [1]!'019875^462010:BUY_TDY_AMT') -> 8494840 | L17: =IFERROR(K17/J17,0) -> 4807.4929 | M17: =J17-G17 -> 0 | N17: =M17*P17 -> 0 | O17: =M17/D17 -> 0 | P17: =[1]!'462010:LAST' -> 4765 | Q17: =[1]!'462010:NAV' -> 4775.7 | R17: =(P17-I17)*-1*G17 -> 286645 | S17: =(P17-L17)*J17 -> -75085 | T17: =R17+S17 -> 211560 | U17: =_xlfn.IFNA(VLOOKUP(B17,[2]베타!$A$2:$C$1000,3,FALSE),0) -> 0.0594 | V17: =_xlfn.IFNA(VLOOKUP(B17,[2]베타!$A$2:$D$1000,4,FALSE),0) -> 0.8415 | W17: =_xlfn.IFNA(VLOOKUP(B17,[2]베타!$A$2:$E$1000,5,FALSE),0) -> 0.6174 | X17: =M17*Q17*U17 -> 0 | Y17: =M17*Q17*V17 -> 0 | Z17: =(P17*M17)-(X17+Y17) -> 0 | AA17: =IF(M17<0, P17-Q17, 0) -> 0 | AB17: =IF(M17>0, Q17*(1-0.2%)-P17, 0) -> 0 | AC17: =AA17/Q17*10000 -> 0 | AD17: =AB17/Q17*10000 -> 0 | AE17: =ABS(N17) -> 0 | AG17: =B17 -> 462010 | AH17: =-1*M17 -> 0 | AJ17: =ROUNDUP(VLOOKUP(B17,[2]베타!$A$2:$L$1000,12,FALSE),0) -> 10 | AK17: =ROUNDUP(VLOOKUP(B17,[2]베타!$A$2:$M$1000,13,FALSE),0) -> -29
B18: 364980 | C18: TIGER 2차전지TOP10 | D18: =VLOOKUP("A"&B18,[2]ETF!$A$4:$M$10000,13,FALSE) -> 50000 | E18: =[1]!'364980:VOL'+0 -> 5426187 | F18: 019875 | G18: =IF([1]!'019875^364980:SELL_TDY_QTY'="NO", 0, [1]!'019875^364980:SELL_TDY_QTY') -> 47838 | H18: =IF([1]!'019875^364980:SELL_TDY_AMT'="NO", 0, [1]!'019875^364980:SELL_TDY_AMT') -> 495100400 | I18: =IFERROR(H18/G18,0) -> 10349.521 | J18: =IF([1]!'019875^364980:BUY_TDY_QTY'="NO", 0, [1]!'019875^364980:BUY_TDY_QTY') -> 47838 | K18: =IF([1]!'019875^364980:BUY_TDY_AMT'="NO", 0, [1]!'019875^364980:BUY_TDY_AMT') -> 492394585 | L18: =IFERROR(K18/J18,0) -> 10292.959 | M18: =J18-G18 -> 0 | N18: =M18*P18 -> 0 | O18: =M18/D18 -> 0 | P18: =[1]!'364980:LAST' -> 10140 | Q18: =[1]!'364980:NAV' -> 10202.37 | R18: =(P18-I18)*-1*G18 -> 10023080 | S18: =(P18-L18)*J18 -> -7317265 | T18: =R18+S18 -> 2705815 | U18: =_xlfn.IFNA(VLOOKUP(B18,[2]베타!$A$2:$C$1000,3,FALSE),0) -> 0.0699 | V18: =_xlfn.IFNA(VLOOKUP(B18,[2]베타!$A$2:$D$1000,4,FALSE),0) -> 0.6894 | W18: =_xlfn.IFNA(VLOOKUP(B18,[2]베타!$A$2:$E$1000,5,FALSE),0) -> 0.4887 | X18: =M18*Q18*U18 -> 0 | Y18: =M18*Q18*V18 -> 0 | Z18: =(P18*M18)-(X18+Y18) -> 0 | AA18: =IF(M18<0, P18-Q18, 0) -> 0 | AB18: =IF(M18>0, Q18*(1-0.2%)-P18, 0) -> 0 | AC18: =AA18/Q18*10000 -> 0 | AD18: =AB18/Q18*10000 -> 0 | AE18: =ABS(N18) -> 0 | AG18: =B18 -> 364980 | AH18: =-1*M18 -> 0 | AJ18: =ROUNDUP(VLOOKUP(B18,[2]베타!$A$2:$L$1000,12,FALSE),0) -> 9 | AK18: =ROUNDUP(VLOOKUP(B18,[2]베타!$A$2:$M$1000,13,FALSE),0) -> -28
B19: 0117V0 | C19: TIGER 코리아AI전력기기TOP3플러스 | D19: =VLOOKUP("A"&B19,[2]ETF!$A$4:$M$10000,13,FALSE) -> 50000 | E19: =[1]!'0117V0:VOL'+0 -> 1139385 | F19: 019875 | G19: =IF([1]!'019875^0117V0:SELL_TDY_QTY'="NO", 0, [1]!'019875^0117V0:SELL_TDY_QTY') -> 2729 | H19: =IF([1]!'019875^0117V0:SELL_TDY_AMT'="NO", 0, [1]!'019875^0117V0:SELL_TDY_AMT') -> 49657675 | I19: =IFERROR(H19/G19,0) -> 18196.29 | J19: =IF([1]!'019875^0117V0:BUY_TDY_QTY'="NO", 0, [1]!'019875^0117V0:BUY_TDY_QTY') -> 2729 | K19: =IF([1]!'019875^0117V0:BUY_TDY_AMT'="NO", 0, [1]!'019875^0117V0:BUY_TDY_AMT') -> 50436405 | L19: =IFERROR(K19/J19,0) -> 18481.643 | M19: =J19-G19 -> 0 | N19: =M19*P19 -> 0 | O19: =M19/D19 -> 0 | P19: =[1]!'0117V0:LAST' -> 17940 | Q19: =[1]!'0117V0:NAV' -> 17924.85 | R19: =(P19-I19)*-1*G19 -> 699415 | S19: =(P19-L19)*J19 -> -1478145 | T19: =R19+S19 -> -778730 | U19: =_xlfn.IFNA(VLOOKUP(B19,[2]베타!$A$2:$C$1000,3,FALSE),0) -> 0.4144 | V19: =_xlfn.IFNA(VLOOKUP(B19,[2]베타!$A$2:$D$1000,4,FALSE),0) -> 0.7155 | W19: =_xlfn.IFNA(VLOOKUP(B19,[2]베타!$A$2:$E$1000,5,FALSE),0) -> 0.6341 | X19: =M19*Q19*U19 -> 0 | Y19: =M19*Q19*V19 -> 0 | Z19: =(P19*M19)-(X19+Y19) -> 0 | AA19: =IF(M19<0, P19-Q19, 0) -> 0 | AB19: =IF(M19>0, Q19*(1-0.2%)-P19, 0) -> 0 | AC19: =AA19/Q19*10000 -> 0 | AD19: =AB19/Q19*10000 -> 0 | AE19: =ABS(N19) -> 0 | AG19: =B19 -> 0117V0 | AH19: =-1*M19 -> 0 | AJ19: =ROUNDUP(VLOOKUP(B19,[2]베타!$A$2:$L$1000,12,FALSE),0) -> 7 | AK19: =ROUNDUP(VLOOKUP(B19,[2]베타!$A$2:$M$1000,13,FALSE),0) -> -27
B20: 305540 | C20: TIGER 2차전지테마 | D20: =VLOOKUP("A"&B20,[2]ETF!$A$4:$M$10000,13,FALSE) -> 50000 | E20: =[1]!'305540:VOL'+0 -> 598038 | F20: 019875 | G20: =IF([1]!'019875^305540:SELL_TDY_QTY'="NO", 0, [1]!'019875^305540:SELL_TDY_QTY') -> 1001 | H20: =IF([1]!'019875^305540:SELL_TDY_AMT'="NO", 0, [1]!'019875^305540:SELL_TDY_AMT') -> 19023575 | I20: =IFERROR(H20/G20,0) -> 19004.57 | J20: =IF([1]!'019875^305540:BUY_TDY_QTY'="NO", 0, [1]!'019875^305540:BUY_TDY_QTY') -> 2641 | K20: =IF([1]!'019875^305540:BUY_TDY_AMT'="NO", 0, [1]!'019875^305540:BUY_TDY_AMT') -> 49170575 | L20: =IFERROR(K20/J20,0) -> 18618.165 | M20: =J20-G20 -> 1640 | N20: =M20*P20 -> 30217000 | O20: =M20/D20 -> 0.0328 | P20: =[1]!'305540:LAST' -> 18425 | Q20: =[1]!'305540:NAV' -> 18445.89 | R20: =(P20-I20)*-1*G20 -> 580150 | S20: =(P20-L20)*J20 -> -510150 | T20: =R20+S20 -> 70000 | U20: =_xlfn.IFNA(VLOOKUP(B20,[2]베타!$A$2:$C$1000,3,FALSE),0) -> 0.0416 | V20: =_xlfn.IFNA(VLOOKUP(B20,[2]베타!$A$2:$D$1000,4,FALSE),0) -> 0.7049 | W20: =_xlfn.IFNA(VLOOKUP(B20,[2]베타!$A$2:$E$1000,5,FALSE),0) -> 0.5319 | X20: =M20*Q20*U20 -> 1258452.4 | Y20: =M20*Q20*V20 -> 21324113 | Z20: =(P20*M20)-(X20+Y20) -> 7634434.7 | AA20: =IF(M20<0, P20-Q20, 0) -> 0 | AB20: =IF(M20>0, Q20*(1-0.2%)-P20, 0) -> -16.00178 | AC20: =AA20/Q20*10000 -> 0 | AD20: =AB20/Q20*10000 -> -8.674984 | AE20: =ABS(N20) -> 30217000 | AG20: =B20 -> 305540 | AH20: =-1*M20 -> -1640 | AJ20: =ROUNDUP(VLOOKUP(B20,[2]베타!$A$2:$L$1000,12,FALSE),0) -> 9 | AK20: =ROUNDUP(VLOOKUP(B20,[2]베타!$A$2:$M$1000,13,FALSE),0) -> -28
B21: 494670 | C21: TIGER 조선TOP10 | D21: =VLOOKUP("A"&B21,[2]ETF!$A$4:$M$10000,13,FALSE) -> 50000 | E21: =[1]!'494670:VOL'+0 -> 439147 | F21: 019875 | G21: =IF([1]!'019875^494670:SELL_TDY_QTY'="NO", 0, [1]!'019875^494670:SELL_TDY_QTY') -> 20807 | H21: =IF([1]!'019875^494670:SELL_TDY_AMT'="NO", 0, [1]!'019875^494670:SELL_TDY_AMT') -> 436190212 | I21: =IFERROR(H21/G21,0) -> 20963.628 | J21: =IF([1]!'019875^494670:BUY_TDY_QTY'="NO", 0, [1]!'019875^494670:BUY_TDY_QTY') -> 20807 | K21: =IF([1]!'019875^494670:BUY_TDY_AMT'="NO", 0, [1]!'019875^494670:BUY_TDY_AMT') -> 433007335 | L21: =IFERROR(K21/J21,0) -> 20810.657 | M21: =J21-G21 -> 0 | N21: =M21*P21 -> 0 | O21: =M21/D21 -> 0 | P21: =[1]!'494670:LAST' -> 20700 | Q21: =[1]!'494670:NAV' -> 20675.91 | R21: =(P21-I21)*-1*G21 -> 5485312 | S21: =(P21-L21)*J21 -> -2302435 | T21: =R21+S21 -> 3182877 | U21: =_xlfn.IFNA(VLOOKUP(B21,[2]베타!$A$2:$C$1000,3,FALSE),0) -> 0.1698 | V21: =_xlfn.IFNA(VLOOKUP(B21,[2]베타!$A$2:$D$1000,4,FALSE),0) -> 0.4181 | W21: =_xlfn.IFNA(VLOOKUP(B21,[2]베타!$A$2:$E$1000,5,FALSE),0) -> 0.3854 | X21: =M21*Q21*U21 -> 0 | Y21: =M21*Q21*V21 -> 0 | Z21: =(P21*M21)-(X21+Y21) -> 0 | AA21: =IF(M21<0, P21-Q21, 0) -> 0 | AB21: =IF(M21>0, Q21*(1-0.2%)-P21, 0) -> 0 | AC21: =AA21/Q21*10000 -> 0 | AD21: =AB21/Q21*10000 -> 0 | AE21: =ABS(N21) -> 0 | AG21: =B21 -> 494670 | AH21: =-1*M21 -> 0 | AJ21: =ROUNDUP(VLOOKUP(B21,[2]베타!$A$2:$L$1000,12,FALSE),0) -> 5 | AK21: =ROUNDUP(VLOOKUP(B21,[2]베타!$A$2:$M$1000,13,FALSE),0) -> -26
B22: 364970 | C22: TIGER 바이오TOP10 | D22: =VLOOKUP("A"&B22,[2]ETF!$A$4:$M$10000,13,FALSE) -> 50000 | E22: =[1]!'364970:VOL'+0 -> 1585985 | F22: 019875 | G22: =IF([1]!'019875^364970:SELL_TDY_QTY'="NO", 0, [1]!'019875^364970:SELL_TDY_QTY') -> 20055 | H22: =IF([1]!'019875^364970:SELL_TDY_AMT'="NO", 0, [1]!'019875^364970:SELL_TDY_AMT') -> 149019704 | I22: =IFERROR(H22/G22,0) -> 7430.5512 | J22: =IF([1]!'019875^364970:BUY_TDY_QTY'="NO", 0, [1]!'019875^364970:BUY_TDY_QTY') -> 20055 | K22: =IF([1]!'019875^364970:BUY_TDY_AMT'="NO", 0, [1]!'019875^364970:BUY_TDY_AMT') -> 148868755 | L22: =IFERROR(K22/J22,0) -> 7423.0244 | M22: =J22-G22 -> 0 | N22: =M22*P22 -> 0 | O22: =M22/D22 -> 0 | P22: =[1]!'364970:LAST' -> 7320 | Q22: =[1]!'364970:NAV' -> 7326.31 | R22: =(P22-I22)*-1*G22 -> 2217104 | S22: =(P22-L22)*J22 -> -2066155 | T22: =R22+S22 -> 150949 | U22: =_xlfn.IFNA(VLOOKUP(B22,[2]베타!$A$2:$C$1000,3,FALSE),0) -> -0.0509 | V22: =_xlfn.IFNA(VLOOKUP(B22,[2]베타!$A$2:$D$1000,4,FALSE),0) -> 0.5849 | W22: =_xlfn.IFNA(VLOOKUP(B22,[2]베타!$A$2:$E$1000,5,FALSE),0) -> 0.5155 | X22: =M22*Q22*U22 -> 0 | Y22: =M22*Q22*V22 -> 0 | Z22: =(P22*M22)-(X22+Y22) -> 0 | AA22: =IF(M22<0, P22-Q22, 0) -> 0 | AB22: =IF(M22>0, Q22*(1-0.2%)-P22, 0) -> 0 | AC22: =AA22/Q22*10000 -> 0 | AD22: =AB22/Q22*10000 -> 0 | AE22: =ABS(N22) -> 0 | AG22: =B22 -> 364970 | AH22: =-1*M22 -> 0 | AJ22: =ROUNDUP(VLOOKUP(B22,[2]베타!$A$2:$L$1000,12,FALSE),0) -> 5 | AK22: =ROUNDUP(VLOOKUP(B22,[2]베타!$A$2:$M$1000,13,FALSE),0) -> -26
B23: 0091P0 | C23: TIGER 코리아원자력 | D23: =VLOOKUP("A"&B23,[2]ETF!$A$4:$M$10000,13,FALSE) -> 50000 | E23: =[1]!'0091P0:VOL'+0 -> 882126 | F23: 019875 | G23: =IF([1]!'019875^0091P0:SELL_TDY_QTY'="NO", 0, [1]!'019875^0091P0:SELL_TDY_QTY') -> 0 | H23: =IF([1]!'019875^0091P0:SELL_TDY_AMT'="NO", 0, [1]!'019875^0091P0:SELL_TDY_AMT') -> 0 | I23: =IFERROR(H23/G23,0) -> 0 | J23: =IF([1]!'019875^0091P0:BUY_TDY_QTY'="NO", 0, [1]!'019875^0091P0:BUY_TDY_QTY') -> 0 | K23: =IF([1]!'019875^0091P0:BUY_TDY_AMT'="NO", 0, [1]!'019875^0091P0:BUY_TDY_AMT') -> 0 | L23: =IFERROR(K23/J23,0) -> 0 | M23: =J23-G23 -> 0 | N23: =M23*P23 -> 0 | O23: =M23/D23 -> 0 | P23: =[1]!'0091P0:LAST' -> 15865 | Q23: =[1]!'0091P0:NAV' -> 15837.74 | R23: =(P23-I23)*-1*G23 -> 0 | S23: =(P23-L23)*J23 -> 0 | T23: =R23+S23 -> 0 | U23: =_xlfn.IFNA(VLOOKUP(B23,[2]베타!$A$2:$C$1000,3,FALSE),0) -> 0.2045 | V23: =_xlfn.IFNA(VLOOKUP(B23,[2]베타!$A$2:$D$1000,4,FALSE),0) -> 0.8173 | W23: =_xlfn.IFNA(VLOOKUP(B23,[2]베타!$A$2:$E$1000,5,FALSE),0) -> 0.6259 | X23: =M23*Q23*U23 -> 0 | Y23: =M23*Q23*V23 -> 0 | Z23: =(P23*M23)-(X23+Y23) -> 0 | AA23: =IF(M23<0, P23-Q23, 0) -> 0 | AB23: =IF(M23>0, Q23*(1-0.2%)-P23, 0) -> 0 | AC23: =AA23/Q23*10000 -> 0 | AD23: =AB23/Q23*10000 -> 0 | AE23: =ABS(N23) -> 0 | AG23: =B23 -> 0091P0 | AH23: =-1*M23 -> 0 | AJ23: =ROUNDUP(VLOOKUP(B23,[2]베타!$A$2:$L$1000,12,FALSE),0) -> 10 | AK23: =ROUNDUP(VLOOKUP(B23,[2]베타!$A$2:$M$1000,13,FALSE),0) -> -31
B24: 292150 | C24: TIGER 코리아TOP10 | D24: =VLOOKUP("A"&B24,[2]ETF!$A$4:$M$10000,13,FALSE) -> 50000 | E24: =[1]!'292150:VOL'+0 -> 311017 | F24: 019875 | G24: =IF([1]!'019875^292150:SELL_TDY_QTY'="NO", 0, [1]!'019875^292150:SELL_TDY_QTY') -> 3783 | H24: =IF([1]!'019875^292150:SELL_TDY_AMT'="NO", 0, [1]!'019875^292150:SELL_TDY_AMT') -> 137718750 | I24: =IFERROR(H24/G24,0) -> 36404.639 | J24: =IF([1]!'019875^292150:BUY_TDY_QTY'="NO", 0, [1]!'019875^292150:BUY_TDY_QTY') -> 3783 | K24: =IF([1]!'019875^292150:BUY_TDY_AMT'="NO", 0, [1]!'019875^292150:BUY_TDY_AMT') -> 138696635 | L24: =IFERROR(K24/J24,0) -> 36663.134 | M24: =J24-G24 -> 0 | N24: =M24*P24 -> 0 | O24: =M24/D24 -> 0 | P24: =[1]!'292150:LAST' -> 36435 | Q24: =[1]!'292150:NAV' -> 36303.57 | R24: =(P24-I24)*-1*G24 -> -114855 | S24: =(P24-L24)*J24 -> -863030 | T24: =R24+S24 -> -977885 | U24: =_xlfn.IFNA(VLOOKUP(B24,[2]베타!$A$2:$C$1000,3,FALSE),0) -> 0.9661 | V24: =_xlfn.IFNA(VLOOKUP(B24,[2]베타!$A$2:$D$1000,4,FALSE),0) -> -0.0116 | W24: =_xlfn.IFNA(VLOOKUP(B24,[2]베타!$A$2:$E$1000,5,FALSE),0) -> 0.9806 | X24: =M24*Q24*U24 -> 0 | Y24: =M24*Q24*V24 -> 0 | Z24: =(P24*M24)-(X24+Y24) -> 0 | AA24: =IF(M24<0, P24-Q24, 0) -> 0 | AB24: =IF(M24>0, Q24*(1-0.2%)-P24, 0) -> 0 | AC24: =AA24/Q24*10000 -> 0 | AD24: =AB24/Q24*10000 -> 0 | AE24: =ABS(N24) -> 0 | AG24: =B24 -> 292150 | AH24: =-1*M24 -> 0 | AJ24: =ROUNDUP(VLOOKUP(B24,[2]베타!$A$2:$L$1000,12,FALSE),0) -> 3 | AK24: =ROUNDUP(VLOOKUP(B24,[2]베타!$A$2:$M$1000,13,FALSE),0) -> -22
B25: 139230 | C25: TIGER 200 중공업 | D25: =VLOOKUP("A"&B25,[2]ETF!$A$4:$M$10000,13,FALSE) -> 20000 | E25: =[1]!'139230:VOL'+0 -> 74681 | F25: 019875 | G25: =IF([1]!'019875^139230:SELL_TDY_QTY'="NO", 0, [1]!'019875^139230:SELL_TDY_QTY') -> 0 | H25: =IF([1]!'019875^139230:SELL_TDY_AMT'="NO", 0, [1]!'019875^139230:SELL_TDY_AMT') -> 0 | I25: =IFERROR(H25/G25,0) -> 0 | J25: =IF([1]!'019875^139230:BUY_TDY_QTY'="NO", 0, [1]!'019875^139230:BUY_TDY_QTY') -> 0 | K25: =IF([1]!'019875^139230:BUY_TDY_AMT'="NO", 0, [1]!'019875^139230:BUY_TDY_AMT') -> 0 | L25: =IFERROR(K25/J25,0) -> 0 | M25: =J25-G25 -> 0 | N25: =M25*P25 -> 0 | O25: =M25/D25 -> 0 | P25: =[1]!'139230:LAST' -> 12270 | Q25: =[1]!'139230:NAV' -> 12317.58 | R25: =(P25-I25)*-1*G25 -> 0 | S25: =(P25-L25)*J25 -> 0 | T25: =R25+S25 -> 0 | U25: =_xlfn.IFNA(VLOOKUP(B25,[2]베타!$A$2:$C$1000,3,FALSE),0) -> 0.2392 | V25: =_xlfn.IFNA(VLOOKUP(B25,[2]베타!$A$2:$D$1000,4,FALSE),0) -> 0.5334 | W25: =_xlfn.IFNA(VLOOKUP(B25,[2]베타!$A$2:$E$1000,5,FALSE),0) -> 0.6099 | X25: =M25*Q25*U25 -> 0 | Y25: =M25*Q25*V25 -> 0 | Z25: =(P25*M25)-(X25+Y25) -> 0 | AA25: =IF(M25<0, P25-Q25, 0) -> 0 | AB25: =IF(M25>0, Q25*(1-0.2%)-P25, 0) -> 0 | AC25: =AA25/Q25*10000 -> 0 | AD25: =AB25/Q25*10000 -> 0 | AE25: =ABS(N25) -> 0 | AG25: =B25 -> 139230 | AH25: =-1*M25 -> 0 | AJ25: =ROUNDUP(VLOOKUP(B25,[2]베타!$A$2:$L$1000,12,FALSE),0) -> 12 | AK25: =ROUNDUP(VLOOKUP(B25,[2]베타!$A$2:$M$1000,13,FALSE),0) -> -29
B26: 364990 | C26: TIGER 게임TOP10 | D26: =VLOOKUP("A"&B26,[2]ETF!$A$4:$M$10000,13,FALSE) -> 50000 | E26: =[1]!'364990:VOL'+0 -> 44650 | F26: 019875 | G26: =IF([1]!'019875^364990:SELL_TDY_QTY'="NO", 0, [1]!'019875^364990:SELL_TDY_QTY') -> 2 | H26: =IF([1]!'019875^364990:SELL_TDY_AMT'="NO", 0, [1]!'019875^364990:SELL_TDY_AMT') -> 9570 | I26: =IFERROR(H26/G26,0) -> 4785 | J26: =IF([1]!'019875^364990:BUY_TDY_QTY'="NO", 0, [1]!'019875^364990:BUY_TDY_QTY') -> 2 | K26: =IF([1]!'019875^364990:BUY_TDY_AMT'="NO", 0, [1]!'019875^364990:BUY_TDY_AMT') -> 9435 | L26: =IFERROR(K26/J26,0) -> 4717.5 | M26: =J26-G26 -> 0 | N26: =M26*P26 -> 0 | O26: =M26/D26 -> 0 | P26: =[1]!'364990:LAST' -> 4720 | Q26: =[1]!'364990:NAV' -> 4703.5 | R26: =(P26-I26)*-1*G26 -> 130 | S26: =(P26-L26)*J26 -> 5 | T26: =R26+S26 -> 135 | U26: =_xlfn.IFNA(VLOOKUP(B26,[2]베타!$A$2:$C$1000,3,FALSE),0) -> -0.076 | V26: =_xlfn.IFNA(VLOOKUP(B26,[2]베타!$A$2:$D$1000,4,FALSE),0) -> 0.328 | W26: =_xlfn.IFNA(VLOOKUP(B26,[2]베타!$A$2:$E$1000,5,FALSE),0) -> 0.1582 | X26: =M26*Q26*U26 -> 0 | Y26: =M26*Q26*V26 -> 0 | Z26: =(P26*M26)-(X26+Y26) -> 0 | AA26: =IF(M26<0, P26-Q26, 0) -> 0 | AB26: =IF(M26>0, Q26*(1-0.2%)-P26, 0) -> 0 | AC26: =AA26/Q26*10000 -> 0 | AD26: =AB26/Q26*10000 -> 0 | AE26: =ABS(N26) -> 0 | AG26: =B26 -> 364990 | AH26: =-1*M26 -> 0 | AJ26: =ROUNDUP(VLOOKUP(B26,[2]베타!$A$2:$L$1000,12,FALSE),0) -> 19 | AK26: =ROUNDUP(VLOOKUP(B26,[2]베타!$A$2:$M$1000,13,FALSE),0) -> -35
B27: 157500 | C27: TIGER 증권 | D27: =VLOOKUP("A"&B27,[2]ETF!$A$4:$M$10000,13,FALSE) -> 20000 | E27: =[1]!'157500:VOL'+0 -> 162504 | F27: 019875 | G27: =IF([1]!'019875^157500:SELL_TDY_QTY'="NO", 0, [1]!'019875^157500:SELL_TDY_QTY') -> 288 | H27: =IF([1]!'019875^157500:SELL_TDY_AMT'="NO", 0, [1]!'019875^157500:SELL_TDY_AMT') -> 3510810 | I27: =IFERROR(H27/G27,0) -> 12190.312 | J27: =IF([1]!'019875^157500:BUY_TDY_QTY'="NO", 0, [1]!'019875^157500:BUY_TDY_QTY') -> 288 | K27: =IF([1]!'019875^157500:BUY_TDY_AMT'="NO", 0, [1]!'019875^157500:BUY_TDY_AMT') -> 3498030 | L27: =IFERROR(K27/J27,0) -> 12145.938 | M27: =J27-G27 -> 0 | N27: =M27*P27 -> 0 | O27: =M27/D27 -> 0 | P27: =[1]!'157500:LAST' -> 12085 | Q27: =[1]!'157500:NAV' -> 12134.26 | R27: =(P27-I27)*-1*G27 -> 30330 | S27: =(P27-L27)*J27 -> -17550 | T27: =R27+S27 -> 12780 | U27: =_xlfn.IFNA(VLOOKUP(B27,[2]베타!$A$2:$C$1000,3,FALSE),0) -> 0.4799 | V27: =_xlfn.IFNA(VLOOKUP(B27,[2]베타!$A$2:$D$1000,4,FALSE),0) -> 0.4054 | W27: =_xlfn.IFNA(VLOOKUP(B27,[2]베타!$A$2:$E$1000,5,FALSE),0) -> 0.6292 | X27: =M27*Q27*U27 -> 0 | Y27: =M27*Q27*V27 -> 0 | Z27: =(P27*M27)-(X27+Y27) -> 0 | AA27: =IF(M27<0, P27-Q27, 0) -> 0 | AB27: =IF(M27>0, Q27*(1-0.2%)-P27, 0) -> 0 | AC27: =AA27/Q27*10000 -> 0 | AD27: =AB27/Q27*10000 -> 0 | AE27: =ABS(N27) -> 0 | AG27: =B27 -> 157500 | AH27: =-1*M27 -> 0 | AJ27: =ROUNDUP(VLOOKUP(B27,[2]베타!$A$2:$L$1000,12,FALSE),0) -> 6 | AK27: =ROUNDUP(VLOOKUP(B27,[2]베타!$A$2:$M$1000,13,FALSE),0) -> -30
B28: 228810 | C28: TIGER 미디어컨텐츠 | D28: =VLOOKUP("A"&B28,[2]ETF!$A$4:$M$10000,13,FALSE) -> 30000 | E28: =[1]!'228810:VOL'+0 -> 214125 | F28: 019875 | G28: =IF([1]!'019875^228810:SELL_TDY_QTY'="NO", 0, [1]!'019875^228810:SELL_TDY_QTY') -> 1531 | H28: =IF([1]!'019875^228810:SELL_TDY_AMT'="NO", 0, [1]!'019875^228810:SELL_TDY_AMT') -> 4726290 | I28: =IFERROR(H28/G28,0) -> 3087.0607 | J28: =IF([1]!'019875^228810:BUY_TDY_QTY'="NO", 0, [1]!'019875^228810:BUY_TDY_QTY') -> 1531 | K28: =IF([1]!'019875^228810:BUY_TDY_AMT'="NO", 0, [1]!'019875^228810:BUY_TDY_AMT') -> 4816365 | L28: =IFERROR(K28/J28,0) -> 3145.8948 | M28: =J28-G28 -> 0 | N28: =M28*P28 -> 0 | O28: =M28/D28 -> 0 | P28: =[1]!'228810:LAST' -> 3060 | Q28: =[1]!'228810:NAV' -> 3067.95 | R28: =(P28-I28)*-1*G28 -> 41430 | S28: =(P28-L28)*J28 -> -131505 | T28: =R28+S28 -> -90075 | U28: =_xlfn.IFNA(VLOOKUP(B28,[2]베타!$A$2:$C$1000,3,FALSE),0) -> -0.1847 | V28: =_xlfn.IFNA(VLOOKUP(B28,[2]베타!$A$2:$D$1000,4,FALSE),0) -> 0.6912 | W28: =_xlfn.IFNA(VLOOKUP(B28,[2]베타!$A$2:$E$1000,5,FALSE),0) -> 0.5385 | X28: =M28*Q28*U28 -> 0 | Y28: =M28*Q28*V28 -> 0 | Z28: =(P28*M28)-(X28+Y28) -> 0 | AA28: =IF(M28<0, P28-Q28, 0) -> 0 | AB28: =IF(M28>0, Q28*(1-0.2%)-P28, 0) -> 0 | AC28: =AA28/Q28*10000 -> 0 | AD28: =AB28/Q28*10000 -> 0 | AE28: =ABS(N28) -> 0 | AG28: =B28 -> 228810 | AH28: =-1*M28 -> 0 | AJ28: =ROUNDUP(VLOOKUP(B28,[2]베타!$A$2:$L$1000,12,FALSE),0) -> 20 | AK28: =ROUNDUP(VLOOKUP(B28,[2]베타!$A$2:$M$1000,13,FALSE),0) -> -33
B29: 472150 | C29: TIGER 배당커버드콜액티브 | D29: =VLOOKUP("A"&B29,[2]ETF!$A$4:$M$10000,13,FALSE) -> 10000 | E29: =[1]!'472150:VOL'+0 -> 3489279 | F29: 019870 | G29: =IF([1]!'019870^472150:SELL_TDY_QTY'="NO", 0, [1]!'019870^472150:SELL_TDY_QTY') -> 3619 | H29: =IF([1]!'019870^472150:SELL_TDY_AMT'="NO", 0, [1]!'019870^472150:SELL_TDY_AMT') -> 70494880 | I29: =IFERROR(H29/G29,0) -> 19479.105 | J29: =IF([1]!'019870^472150:BUY_TDY_QTY'="NO", 0, [1]!'019870^472150:BUY_TDY_QTY') -> 3619 | K29: =IF([1]!'019870^472150:BUY_TDY_AMT'="NO", 0, [1]!'019870^472150:BUY_TDY_AMT') -> 70823770 | L29: =IFERROR(K29/J29,0) -> 19569.983 | M29: =J29-G29 -> 0 | N29: =M29*P29 -> 0 | O29: =M29/D29 -> 0 | P29: =[1]!'472150:LAST' -> 19420 | Q29: =[1]!'472150:NAV' -> 19416.42 | R29: =(P29-I29)*-1*G29 -> 213900 | S29: =(P29-L29)*J29 -> -542790 | T29: =R29+S29 -> -328890 | U29: =_xlfn.IFNA(VLOOKUP(B29,[2]베타!$A$2:$C$1000,3,FALSE),0) -> 0.9804 | V29: =_xlfn.IFNA(VLOOKUP(B29,[2]베타!$A$2:$D$1000,4,FALSE),0) -> -0.0008 | W29: =_xlfn.IFNA(VLOOKUP(B29,[2]베타!$A$2:$E$1000,5,FALSE),0) -> 0.9862 | X29: =M29*Q29*U29 -> 0 | Y29: =M29*Q29*V29 -> 0 | Z29: =(P29*M29)-(X29+Y29) -> 0 | AA29: =IF(M29<0, P29-Q29, 0) -> 0 | AB29: =IF(M29>0, Q29*(1-0.2%)-P29, 0) -> 0 | AC29: =AA29/Q29*10000 -> 0 | AD29: =AB29/Q29*10000 -> 0 | AE29: =ABS(N29) -> 0 | AG29: =B29 -> 472150 | AH29: =-1*M29 -> 0 | AJ29: =ROUNDUP(VLOOKUP(B29,[2]베타!$A$2:$L$1000,12,FALSE),0) -> 11 | AK29: =ROUNDUP(VLOOKUP(B29,[2]베타!$A$2:$M$1000,13,FALSE),0) -> -15
B30: 307520 | C30: TIGER 지주회사 | D30: =VLOOKUP("A"&B30,[2]ETF!$A$4:$M$10000,13,FALSE) -> 50000 | E30: =[1]!'307520:VOL'+0 -> 212505 | F30: 019875 | G30: =IF([1]!'019875^307520:SELL_TDY_QTY'="NO", 0, [1]!'019875^307520:SELL_TDY_QTY') -> 16 | H30: =IF([1]!'019875^307520:SELL_TDY_AMT'="NO", 0, [1]!'019875^307520:SELL_TDY_AMT') -> 352265 | I30: =IFERROR(H30/G30,0) -> 22016.562 | J30: =IF([1]!'019875^307520:BUY_TDY_QTY'="NO", 0, [1]!'019875^307520:BUY_TDY_QTY') -> 16 | K30: =IF([1]!'019875^307520:BUY_TDY_AMT'="NO", 0, [1]!'019875^307520:BUY_TDY_AMT') -> 351560 | L30: =IFERROR(K30/J30,0) -> 21972.5 | M30: =J30-G30 -> 0 | N30: =M30*P30 -> 0 | O30: =M30/D30 -> 0 | P30: =[1]!'307520:LAST' -> 21895 | Q30: =[1]!'307520:NAV' -> 21955.81 | R30: =(P30-I30)*-1*G30 -> 1945 | S30: =(P30-L30)*J30 -> -1240 | T30: =R30+S30 -> 705 | U30: =_xlfn.IFNA(VLOOKUP(B30,[2]베타!$A$2:$C$1000,3,FALSE),0) -> 0.3637 | V30: =_xlfn.IFNA(VLOOKUP(B30,[2]베타!$A$2:$D$1000,4,FALSE),0) -> 0.3803 | W30: =_xlfn.IFNA(VLOOKUP(B30,[2]베타!$A$2:$E$1000,5,FALSE),0) -> 0.7504 | X30: =M30*Q30*U30 -> 0 | Y30: =M30*Q30*V30 -> 0 | Z30: =(P30*M30)-(X30+Y30) -> 0 | AA30: =IF(M30<0, P30-Q30, 0) -> 0 | AB30: =IF(M30>0, Q30*(1-0.2%)-P30, 0) -> 0 | AC30: =AA30/Q30*10000 -> 0 | AD30: =AB30/Q30*10000 -> 0 | AE30: =ABS(N30) -> 0 | AG30: =B30 -> 307520 | AH30: =-1*M30 -> 0 | AJ30: =ROUNDUP(VLOOKUP(B30,[2]베타!$A$2:$L$1000,12,FALSE),0) -> 5 | AK30: =ROUNDUP(VLOOKUP(B30,[2]베타!$A$2:$M$1000,13,FALSE),0) -> -30
B31: 157490 | C31: TIGER 소프트웨어 | D31: =VLOOKUP("A"&B31,[2]ETF!$A$4:$M$10000,13,FALSE) -> 20000 | E31: =[1]!'157490:VOL'+0 -> 119543 | F31: 019875 | G31: =IF([1]!'019875^157490:SELL_TDY_QTY'="NO", 0, [1]!'019875^157490:SELL_TDY_QTY') -> 1356 | H31: =IF([1]!'019875^157490:SELL_TDY_AMT'="NO", 0, [1]!'019875^157490:SELL_TDY_AMT') -> 11287817 | I31: =IFERROR(H31/G31,0) -> 8324.3488 | J31: =IF([1]!'019875^157490:BUY_TDY_QTY'="NO", 0, [1]!'019875^157490:BUY_TDY_QTY') -> 1356 | K31: =IF([1]!'019875^157490:BUY_TDY_AMT'="NO", 0, [1]!'019875^157490:BUY_TDY_AMT') -> 11265965 | L31: =IFERROR(K31/J31,0) -> 8308.2338 | M31: =J31-G31 -> 0 | N31: =M31*P31 -> 0 | O31: =M31/D31 -> 0 | P31: =[1]!'157490:LAST' -> 8315 | Q31: =[1]!'157490:NAV' -> 8289.43 | R31: =(P31-I31)*-1*G31 -> 12677 | S31: =(P31-L31)*J31 -> 9175 | T31: =R31+S31 -> 21852 | U31: =_xlfn.IFNA(VLOOKUP(B31,[2]베타!$A$2:$C$1000,3,FALSE),0) -> 0.1859 | V31: =_xlfn.IFNA(VLOOKUP(B31,[2]베타!$A$2:$D$1000,4,FALSE),0) -> 0.2998 | W31: =_xlfn.IFNA(VLOOKUP(B31,[2]베타!$A$2:$E$1000,5,FALSE),0) -> 0.3632 | X31: =M31*Q31*U31 -> 0 | Y31: =M31*Q31*V31 -> 0 | Z31: =(P31*M31)-(X31+Y31) -> 0 | AA31: =IF(M31<0, P31-Q31, 0) -> 0 | AB31: =IF(M31>0, Q31*(1-0.2%)-P31, 0) -> 0 | AC31: =AA31/Q31*10000 -> 0 | AD31: =AB31/Q31*10000 -> 0 | AE31: =ABS(N31) -> 0 | AG31: =B31 -> 157490 | AH31: =-1*M31 -> 0 | AJ31: =ROUNDUP(VLOOKUP(B31,[2]베타!$A$2:$L$1000,12,FALSE),0) -> 11 | AK31: =ROUNDUP(VLOOKUP(B31,[2]베타!$A$2:$M$1000,13,FALSE),0) -> -33
B32: 471760 | C32: TIGER AI반도체핵심공정 | D32: =VLOOKUP("A"&B32,[2]ETF!$A$4:$M$10000,13,FALSE) -> 50000 | E32: =[1]!'471760:VOL'+0 -> 645031 | F32: 019875 | G32: =IF([1]!'019875^471760:SELL_TDY_QTY'="NO", 0, [1]!'019875^471760:SELL_TDY_QTY') -> 1921 | H32: =IF([1]!'019875^471760:SELL_TDY_AMT'="NO", 0, [1]!'019875^471760:SELL_TDY_AMT') -> 27119665 | I32: =IFERROR(H32/G32,0) -> 14117.473 | J32: =IF([1]!'019875^471760:BUY_TDY_QTY'="NO", 0, [1]!'019875^471760:BUY_TDY_QTY') -> 1921 | K32: =IF([1]!'019875^471760:BUY_TDY_AMT'="NO", 0, [1]!'019875^471760:BUY_TDY_AMT') -> 27435130 | L32: =IFERROR(K32/J32,0) -> 14281.692 | M32: =J32-G32 -> 0 | N32: =M32*P32 -> 0 | O32: =M32/D32 -> 0 | P32: =[1]!'471760:LAST' -> 14100 | Q32: =[1]!'471760:NAV' -> 14143.47 | R32: =(P32-I32)*-1*G32 -> 33565 | S32: =(P32-L32)*J32 -> -349030 | T32: =R32+S32 -> -315465 | U32: =_xlfn.IFNA(VLOOKUP(B32,[2]베타!$A$2:$C$1000,3,FALSE),0) -> 0.5112 | V32: =_xlfn.IFNA(VLOOKUP(B32,[2]베타!$A$2:$D$1000,4,FALSE),0) -> 0.8111 | W32: =_xlfn.IFNA(VLOOKUP(B32,[2]베타!$A$2:$E$1000,5,FALSE),0) -> 0.7985 | X32: =M32*Q32*U32 -> 0 | Y32: =M32*Q32*V32 -> 0 | Z32: =(P32*M32)-(X32+Y32) -> 0 | AA32: =IF(M32<0, P32-Q32, 0) -> 0 | AB32: =IF(M32>0, Q32*(1-0.2%)-P32, 0) -> 0 | AC32: =AA32/Q32*10000 -> 0 | AD32: =AB32/Q32*10000 -> 0 | AE32: =ABS(N32) -> 0 | AG32: =B32 -> 471760 | AH32: =-1*M32 -> 0 | AJ32: =ROUNDUP(VLOOKUP(B32,[2]베타!$A$2:$L$1000,12,FALSE),0) -> 7 | AK32: =ROUNDUP(VLOOKUP(B32,[2]베타!$A$2:$M$1000,13,FALSE),0) -> -30
B33: 0052D0 | C33: TIGER 코리아배당다우존스 | D33: =VLOOKUP("A"&B33,[2]ETF!$A$4:$M$10000,13,FALSE) -> 50000 | E33: =[1]!'0052D0:VOL'+0 -> 70523 | F33: 019875 | G33: =IF([1]!'019875^0052D0:SELL_TDY_QTY'="NO", 0, [1]!'019875^0052D0:SELL_TDY_QTY') -> 280 | H33: =IF([1]!'019875^0052D0:SELL_TDY_AMT'="NO", 0, [1]!'019875^0052D0:SELL_TDY_AMT') -> 4361740 | I33: =IFERROR(H33/G33,0) -> 15577.643 | J33: =IF([1]!'019875^0052D0:BUY_TDY_QTY'="NO", 0, [1]!'019875^0052D0:BUY_TDY_QTY') -> 280 | K33: =IF([1]!'019875^0052D0:BUY_TDY_AMT'="NO", 0, [1]!'019875^0052D0:BUY_TDY_AMT') -> 4343975 | L33: =IFERROR(K33/J33,0) -> 15514.196 | M33: =J33-G33 -> 0 | N33: =M33*P33 -> 0 | O33: =M33/D33 -> 0 | P33: =[1]!'0052D0:LAST' -> 15405 | Q33: =[1]!'0052D0:NAV' -> 15502.57 | R33: =(P33-I33)*-1*G33 -> 48340 | S33: =(P33-L33)*J33 -> -30575 | T33: =R33+S33 -> 17765 | U33: =_xlfn.IFNA(VLOOKUP(B33,[2]베타!$A$2:$C$1000,3,FALSE),0) -> 0.1038 | V33: =_xlfn.IFNA(VLOOKUP(B33,[2]베타!$A$2:$D$1000,4,FALSE),0) -> 0.2279 | W33: =_xlfn.IFNA(VLOOKUP(B33,[2]베타!$A$2:$E$1000,5,FALSE),0) -> 0.4037 | X33: =M33*Q33*U33 -> 0 | Y33: =M33*Q33*V33 -> 0 | Z33: =(P33*M33)-(X33+Y33) -> 0 | AA33: =IF(M33<0, P33-Q33, 0) -> 0 | AB33: =IF(M33>0, Q33*(1-0.2%)-P33, 0) -> 0 | AC33: =AA33/Q33*10000 -> 0 | AD33: =AB33/Q33*10000 -> 0 | AE33: =ABS(N33) -> 0 | AG33: =B33 -> 0052D0 | AH33: =-1*M33 -> 0 | AJ33: =ROUNDUP(VLOOKUP(B33,[2]베타!$A$2:$L$1000,12,FALSE),0) -> 6 | AK33: =ROUNDUP(VLOOKUP(B33,[2]베타!$A$2:$M$1000,13,FALSE),0) -> -23
B34: 466940 | C34: TIGER 은행고배당플러스TOP10 | D34: =VLOOKUP("A"&B34,[2]ETF!$A$4:$M$10000,13,FALSE) -> 50000 | E34: =[1]!'466940:VOL'+0 -> 848870 | F34: 019875 | G34: =IF([1]!'019875^466940:SELL_TDY_QTY'="NO", 0, [1]!'019875^466940:SELL_TDY_QTY') -> 6383 | H34: =IF([1]!'019875^466940:SELL_TDY_AMT'="NO", 0, [1]!'019875^466940:SELL_TDY_AMT') -> 173165013 | I34: =IFERROR(H34/G34,0) -> 27129.095 | J34: =IF([1]!'019875^466940:BUY_TDY_QTY'="NO", 0, [1]!'019875^466940:BUY_TDY_QTY') -> 6383 | K34: =IF([1]!'019875^466940:BUY_TDY_AMT'="NO", 0, [1]!'019875^466940:BUY_TDY_AMT') -> 172349100 | L34: =IFERROR(K34/J34,0) -> 27001.269 | M34: =J34-G34 -> 0 | N34: =M34*P34 -> 0 | O34: =M34/D34 -> 0 | P34: =[1]!'466940:LAST' -> 26700 | Q34: =[1]!'466940:NAV' -> 26848.59 | R34: =(P34-I34)*-1*G34 -> 2738913 | S34: =(P34-L34)*J34 -> -1923000 | T34: =R34+S34 -> 815913 | U34: =_xlfn.IFNA(VLOOKUP(B34,[2]베타!$A$2:$C$1000,3,FALSE),0) -> 0.1052 | V34: =_xlfn.IFNA(VLOOKUP(B34,[2]베타!$A$2:$D$1000,4,FALSE),0) -> 0.1725 | W34: =_xlfn.IFNA(VLOOKUP(B34,[2]베타!$A$2:$E$1000,5,FALSE),0) -> 0.2584 | X34: =M34*Q34*U34 -> 0 | Y34: =M34*Q34*V34 -> 0 | Z34: =(P34*M34)-(X34+Y34) -> 0 | AA34: =IF(M34<0, P34-Q34, 0) -> 0 | AB34: =IF(M34>0, Q34*(1-0.2%)-P34, 0) -> 0 | AC34: =AA34/Q34*10000 -> 0 | AD34: =AB34/Q34*10000 -> 0 | AE34: =ABS(N34) -> 0 | AG34: =B34 -> 466940 | AH34: =-1*M34 -> 0 | AJ34: =ROUNDUP(VLOOKUP(B34,[2]베타!$A$2:$L$1000,12,FALSE),0) -> 4 | AK34: =ROUNDUP(VLOOKUP(B34,[2]베타!$A$2:$M$1000,13,FALSE),0) -> -22
B35: 139220 | C35: TIGER 200 건설 | D35: =VLOOKUP("A"&B35,[2]ETF!$A$4:$M$10000,13,FALSE) -> 20000 | E35: =[1]!'139220:VOL'+0 -> 343723 | F35: 019875 | G35: =IF([1]!'019875^139220:SELL_TDY_QTY'="NO", 0, [1]!'019875^139220:SELL_TDY_QTY') -> 0 | H35: =IF([1]!'019875^139220:SELL_TDY_AMT'="NO", 0, [1]!'019875^139220:SELL_TDY_AMT') -> 0 | I35: =IFERROR(H35/G35,0) -> 0 | J35: =IF([1]!'019875^139220:BUY_TDY_QTY'="NO", 0, [1]!'019875^139220:BUY_TDY_QTY') -> 0 | K35: =IF([1]!'019875^139220:BUY_TDY_AMT'="NO", 0, [1]!'019875^139220:BUY_TDY_AMT') -> 0 | L35: =IFERROR(K35/J35,0) -> 0 | M35: =J35-G35 -> 0 | N35: =M35*P35 -> 0 | O35: =M35/D35 -> 0 | P35: =[1]!'139220:LAST' -> 7375 | Q35: =[1]!'139220:NAV' -> 7400.53 | R35: =(P35-I35)*-1*G35 -> 0 | S35: =(P35-L35)*J35 -> 0 | T35: =R35+S35 -> 0 | U35: =_xlfn.IFNA(VLOOKUP(B35,[2]베타!$A$2:$C$1000,3,FALSE),0) -> 0.4238 | V35: =_xlfn.IFNA(VLOOKUP(B35,[2]베타!$A$2:$D$1000,4,FALSE),0) -> 0.5168 | W35: =_xlfn.IFNA(VLOOKUP(B35,[2]베타!$A$2:$E$1000,5,FALSE),0) -> 0.6182 | X35: =M35*Q35*U35 -> 0 | Y35: =M35*Q35*V35 -> 0 | Z35: =(P35*M35)-(X35+Y35) -> 0 | AA35: =IF(M35<0, P35-Q35, 0) -> 0 | AB35: =IF(M35>0, Q35*(1-0.2%)-P35, 0) -> 0 | AC35: =AA35/Q35*10000 -> 0 | AD35: =AB35/Q35*10000 -> 0 | AE35: =ABS(N35) -> 0 | AG35: =B35 -> 139220 | AH35: =-1*M35 -> 0 | AJ35: =ROUNDUP(VLOOKUP(B35,[2]베타!$A$2:$L$1000,12,FALSE),0) -> 12 | AK35: =ROUNDUP(VLOOKUP(B35,[2]베타!$A$2:$M$1000,13,FALSE),0) -> -32
B36: 365000 | C36: TIGER 인터넷TOP10 | D36: =VLOOKUP("A"&B36,[2]ETF!$A$4:$M$10000,13,FALSE) -> 50000 | E36: =[1]!'365000:VOL'+0 -> 134165 | F36: 019875 | G36: =IF([1]!'019875^365000:SELL_TDY_QTY'="NO", 0, [1]!'019875^365000:SELL_TDY_QTY') -> 30 | H36: =IF([1]!'019875^365000:SELL_TDY_AMT'="NO", 0, [1]!'019875^365000:SELL_TDY_AMT') -> 106825 | I36: =IFERROR(H36/G36,0) -> 3560.8333 | J36: =IF([1]!'019875^365000:BUY_TDY_QTY'="NO", 0, [1]!'019875^365000:BUY_TDY_QTY') -> 30 | K36: =IF([1]!'019875^365000:BUY_TDY_AMT'="NO", 0, [1]!'019875^365000:BUY_TDY_AMT') -> 105470 | L36: =IFERROR(K36/J36,0) -> 3515.6667 | M36: =J36-G36 -> 0 | N36: =M36*P36 -> 0 | O36: =M36/D36 -> 0 | P36: =[1]!'365000:LAST' -> 3505 | Q36: =[1]!'365000:NAV' -> 3503.91 | R36: =(P36-I36)*-1*G36 -> 1675 | S36: =(P36-L36)*J36 -> -320 | T36: =R36+S36 -> 1355 | U36: =_xlfn.IFNA(VLOOKUP(B36,[2]베타!$A$2:$C$1000,3,FALSE),0) -> 0.0803 | V36: =_xlfn.IFNA(VLOOKUP(B36,[2]베타!$A$2:$D$1000,4,FALSE),0) -> 0.506 | W36: =_xlfn.IFNA(VLOOKUP(B36,[2]베타!$A$2:$E$1000,5,FALSE),0) -> 0.5622 | X36: =M36*Q36*U36 -> 0 | Y36: =M36*Q36*V36 -> 0 | Z36: =(P36*M36)-(X36+Y36) -> 0 | AA36: =IF(M36<0, P36-Q36, 0) -> 0 | AB36: =IF(M36>0, Q36*(1-0.2%)-P36, 0) -> 0 | AC36: =AA36/Q36*10000 -> 0 | AD36: =AB36/Q36*10000 -> 0 | AE36: =ABS(N36) -> 0 | AG36: =B36 -> 365000 | AH36: =-1*M36 -> 0 | AJ36: =ROUNDUP(VLOOKUP(B36,[2]베타!$A$2:$L$1000,12,FALSE),0) -> 17 | AK36: =ROUNDUP(VLOOKUP(B36,[2]베타!$A$2:$M$1000,13,FALSE),0) -> -38
B37: 228800 | C37: TIGER 여행레저 | D37: =VLOOKUP("A"&B37,[2]ETF!$A$4:$M$10000,13,FALSE) -> 30000 | E37: =[1]!'228800:VOL'+0 -> 146441 | F37: 019875 | G37: =IF([1]!'019875^228800:SELL_TDY_QTY'="NO", 0, [1]!'019875^228800:SELL_TDY_QTY') -> 1177 | H37: =IF([1]!'019875^228800:SELL_TDY_AMT'="NO", 0, [1]!'019875^228800:SELL_TDY_AMT') -> 3209970 | I37: =IFERROR(H37/G37,0) -> 2727.2472 | J37: =IF([1]!'019875^228800:BUY_TDY_QTY'="NO", 0, [1]!'019875^228800:BUY_TDY_QTY') -> 1177 | K37: =IF([1]!'019875^228800:BUY_TDY_AMT'="NO", 0, [1]!'019875^228800:BUY_TDY_AMT') -> 3195555 | L37: =IFERROR(K37/J37,0) -> 2715 | M37: =J37-G37 -> 0 | N37: =M37*P37 -> 0 | O37: =M37/D37 -> 0 | P37: =[1]!'228800:LAST' -> 2705 | Q37: =[1]!'228800:NAV' -> 2711.55 | R37: =(P37-I37)*-1*G37 -> 26185 | S37: =(P37-L37)*J37 -> -11770 | T37: =R37+S37 -> 14415 | U37: =_xlfn.IFNA(VLOOKUP(B37,[2]베타!$A$2:$C$1000,3,FALSE),0) -> -0.0175 | V37: =_xlfn.IFNA(VLOOKUP(B37,[2]베타!$A$2:$D$1000,4,FALSE),0) -> 0.375 | W37: =_xlfn.IFNA(VLOOKUP(B37,[2]베타!$A$2:$E$1000,5,FALSE),0) -> 0.3333 | X37: =M37*Q37*U37 -> 0 | Y37: =M37*Q37*V37 -> 0 | Z37: =(P37*M37)-(X37+Y37) -> 0 | AA37: =IF(M37<0, P37-Q37, 0) -> 0 | AB37: =IF(M37>0, Q37*(1-0.2%)-P37, 0) -> 0 | AC37: =AA37/Q37*10000 -> 0 | AD37: =AB37/Q37*10000 -> 0 | AE37: =ABS(N37) -> 0 | AG37: =B37 -> 228800 | AH37: =-1*M37 -> 0 | AJ37: =ROUNDUP(VLOOKUP(B37,[2]베타!$A$2:$L$1000,12,FALSE),0) -> 18 | AK37: =ROUNDUP(VLOOKUP(B37,[2]베타!$A$2:$M$1000,13,FALSE),0) -> -32
B38: 138540 | C38: TIGER 현대차그룹플러스 | D38: =VLOOKUP("A"&B38,[2]ETF!$A$4:$M$10000,13,FALSE) -> 20000 | E38: =[1]!'138540:VOL'+0 -> 130510 | F38: 019875 | G38: =IF([1]!'019875^138540:SELL_TDY_QTY'="NO", 0, [1]!'019875^138540:SELL_TDY_QTY') -> 669 | H38: =IF([1]!'019875^138540:SELL_TDY_AMT'="NO", 0, [1]!'019875^138540:SELL_TDY_AMT') -> 32521825 | I38: =IFERROR(H38/G38,0) -> 48612.593 | J38: =IF([1]!'019875^138540:BUY_TDY_QTY'="NO", 0, [1]!'019875^138540:BUY_TDY_QTY') -> 669 | K38: =IF([1]!'019875^138540:BUY_TDY_AMT'="NO", 0, [1]!'019875^138540:BUY_TDY_AMT') -> 32922975 | L38: =IFERROR(K38/J38,0) -> 49212.22 | M38: =J38-G38 -> 0 | N38: =M38*P38 -> 0 | O38: =M38/D38 -> 0 | P38: =[1]!'138540:LAST' -> 48310 | Q38: =[1]!'138540:NAV' -> 48463.96 | R38: =(P38-I38)*-1*G38 -> 202435 | S38: =(P38-L38)*J38 -> -603585 | T38: =R38+S38 -> -401150 | U38: =_xlfn.IFNA(VLOOKUP(B38,[2]베타!$A$2:$C$1000,3,FALSE),0) -> 0.3759 | V38: =_xlfn.IFNA(VLOOKUP(B38,[2]베타!$A$2:$D$1000,4,FALSE),0) -> 0.293 | W38: =_xlfn.IFNA(VLOOKUP(B38,[2]베타!$A$2:$E$1000,5,FALSE),0) -> 0.5372 | X38: =M38*Q38*U38 -> 0 | Y38: =M38*Q38*V38 -> 0 | Z38: =(P38*M38)-(X38+Y38) -> 0 | AA38: =IF(M38<0, P38-Q38, 0) -> 0 | AB38: =IF(M38>0, Q38*(1-0.2%)-P38, 0) -> 0 | AC38: =AA38/Q38*10000 -> 0 | AD38: =AB38/Q38*10000 -> 0 | AG38: =B38 -> 138540 | AH38: =-1*M38 -> 0 | AJ38: =ROUNDUP(VLOOKUP(B38,[2]베타!$A$2:$L$1000,12,FALSE),0) -> 5 | AK38: =ROUNDUP(VLOOKUP(B38,[2]베타!$A$2:$M$1000,13,FALSE),0) -> -24
B39: 377990 | C39: TIGER Fn신재생에너지 | D39: =VLOOKUP("A"&B39,[2]ETF!$A$4:$M$10000,13,FALSE) -> 50000 | E39: =[1]!'377990:VOL'+0 -> 81848 | F39: 019875 | G39: =IF([1]!'019875^377990:SELL_TDY_QTY'="NO", 0, [1]!'019875^377990:SELL_TDY_QTY') -> 1 | H39: =IF([1]!'019875^377990:SELL_TDY_AMT'="NO", 0, [1]!'019875^377990:SELL_TDY_AMT') -> 23940 | I39: =IFERROR(H39/G39,0) -> 23940 | J39: =IF([1]!'019875^377990:BUY_TDY_QTY'="NO", 0, [1]!'019875^377990:BUY_TDY_QTY') -> 1 | K39: =IF([1]!'019875^377990:BUY_TDY_AMT'="NO", 0, [1]!'019875^377990:BUY_TDY_AMT') -> 23360 | L39: =IFERROR(K39/J39,0) -> 23360 | M39: =J39-G39 -> 0 | N39: =M39*P39 -> 0 | O39: =M39/D39 -> 0 | P39: =[1]!'377990:LAST' -> 23135 | Q39: =[1]!'377990:NAV' -> 23201.63 | R39: =(P39-I39)*-1*G39 -> 805 | S39: =(P39-L39)*J39 -> -225 | T39: =R39+S39 -> 580 | U39: =_xlfn.IFNA(VLOOKUP(B39,[2]베타!$A$2:$C$1000,3,FALSE),0) -> 0.2013 | V39: =_xlfn.IFNA(VLOOKUP(B39,[2]베타!$A$2:$D$1000,4,FALSE),0) -> 0.8172 | W39: =_xlfn.IFNA(VLOOKUP(B39,[2]베타!$A$2:$E$1000,5,FALSE),0) -> 0.6391 | X39: =M39*Q39*U39 -> 0 | Y39: =M39*Q39*V39 -> 0 | Z39: =(P39*M39)-(X39+Y39) -> 0 | AA39: =IF(M39<0, P39-Q39, 0) -> 0 | AB39: =IF(M39>0, Q39*(1-0.2%)-P39, 0) -> 0 | AC39: =AA39/Q39*10000 -> 0 | AD39: =AB39/Q39*10000 -> 0 | AE39: =ABS(N39) -> 0 | AG39: =B39 -> 377990 | AH39: =-1*M39 -> 0 | AJ39: =ROUNDUP(VLOOKUP(B39,[2]베타!$A$2:$L$1000,12,FALSE),0) -> 10 | AK39: =ROUNDUP(VLOOKUP(B39,[2]베타!$A$2:$M$1000,13,FALSE),0) -> -30
B40: 395270 | C40: HANARO Fn K-반도체 | D40: =VLOOKUP("A"&B40,[2]ETF!$A$4:$M$10000,13,FALSE) -> 50000 | E40: =[1]!'395270:VOL'+0 -> 904189 | F40: 019875 | G40: =IF([1]!'019875^395270:SELL_TDY_QTY'="NO", 0, [1]!'019875^395270:SELL_TDY_QTY') -> 5293 | H40: =IF([1]!'019875^395270:SELL_TDY_AMT'="NO", 0, [1]!'019875^395270:SELL_TDY_AMT') -> 285275550 | I40: =IFERROR(H40/G40,0) -> 53896.76 | J40: =IF([1]!'019875^395270:BUY_TDY_QTY'="NO", 0, [1]!'019875^395270:BUY_TDY_QTY') -> 5293 | K40: =IF([1]!'019875^395270:BUY_TDY_AMT'="NO", 0, [1]!'019875^395270:BUY_TDY_AMT') -> 285914745 | L40: =IFERROR(K40/J40,0) -> 54017.522 | M40: =J40-G40 -> 0 | N40: =M40*P40 -> 0 | O40: =M40/D40 -> 0 | P40: =[1]!'395270:LAST' -> 53370 | Q40: =[1]!'395270:NAV' -> 53452.78 | R40: =(P40-I40)*-1*G40 -> 2788140 | S40: =(P40-L40)*J40 -> -3427335 | T40: =R40+S40 -> -639195 | U40: =_xlfn.IFNA(VLOOKUP(B40,[2]베타!$A$2:$C$1000,3,FALSE),0) -> 1.1755 | V40: =_xlfn.IFNA(VLOOKUP(B40,[2]베타!$A$2:$D$1000,4,FALSE),0) -> 0.0971 | W40: =_xlfn.IFNA(VLOOKUP(B40,[2]베타!$A$2:$E$1000,5,FALSE),0) -> 0.9138 | X40: =M40*Q40*U40 -> 0 | Y40: =M40*Q40*V40 -> 0 | Z40: =(P40*M40)-(X40+Y40) -> 0 | AA40: =IF(M40<0, P40-Q40, 0) -> 0 | AB40: =IF(M40>0, Q40*(1-0.2%)-P40, 0) -> 0 | AC40: =AA40/Q40*10000 -> 0 | AD40: =AB40/Q40*10000 -> 0 | AE40: =ABS(N40) -> 0 | AG40: =B40 -> 395270 | AH40: =-1*M40 -> 0 | AJ40: =ROUNDUP(VLOOKUP(B40,[2]베타!$A$2:$L$1000,12,FALSE),0) -> 2 | AK40: =ROUNDUP(VLOOKUP(B40,[2]베타!$A$2:$M$1000,13,FALSE),0) -> -23
B41: 091220 | C41: TIGER 은행 | D41: =VLOOKUP("A"&B41,[2]ETF!$A$4:$M$10000,13,FALSE) -> 20000 | E41: =[1]!'091220:VOL'+0 -> 94118 | F41: 019875 | G41: =IF([1]!'019875^091220:SELL_TDY_QTY'="NO", 0, [1]!'019875^091220:SELL_TDY_QTY') -> 0 | H41: =IF([1]!'019875^091220:SELL_TDY_AMT'="NO", 0, [1]!'019875^091220:SELL_TDY_AMT') -> 0 | I41: =IFERROR(H41/G41,0) -> 0 | J41: =IF([1]!'019875^091220:BUY_TDY_QTY'="NO", 0, [1]!'019875^091220:BUY_TDY_QTY') -> 0 | K41: =IF([1]!'019875^091220:BUY_TDY_AMT'="NO", 0, [1]!'019875^091220:BUY_TDY_AMT') -> 0 | L41: =IFERROR(K41/J41,0) -> 0 | M41: =J41-G41 -> 0 | N41: =M41*P41 -> 0 | O41: =M41/D41 -> 0 | P41: =[1]!'091220:LAST' -> 17065 | Q41: =[1]!'091220:NAV' -> 17140.77 | R41: =(P41-I41)*-1*G41 -> 0 | S41: =(P41-L41)*J41 -> 0 | T41: =R41+S41 -> 0 | U41: =_xlfn.IFNA(VLOOKUP(B41,[2]베타!$A$2:$C$1000,3,FALSE),0) -> 0.0486 | V41: =_xlfn.IFNA(VLOOKUP(B41,[2]베타!$A$2:$D$1000,4,FALSE),0) -> 0.2094 | W41: =_xlfn.IFNA(VLOOKUP(B41,[2]베타!$A$2:$E$1000,5,FALSE),0) -> 0.1869 | X41: =M41*Q41*U41 -> 0 | Y41: =M41*Q41*V41 -> 0 | Z41: =(P41*M41)-(X41+Y41) -> 0 | AA41: =IF(M41<0, P41-Q41, 0) -> 0 | AB41: =IF(M41>0, Q41*(1-0.2%)-P41, 0) -> 0 | AC41: =AA41/Q41*10000 -> 0 | AD41: =AB41/Q41*10000 -> 0 | AE41: =ABS(N41) -> 0 | AG41: =B41 -> 091220 | AH41: =-1*M41 -> 0 | AJ41: =ROUNDUP(VLOOKUP(B41,[2]베타!$A$2:$L$1000,12,FALSE),0) -> 8 | AK41: =ROUNDUP(VLOOKUP(B41,[2]베타!$A$2:$M$1000,13,FALSE),0) -> -30
B42: 261070 | C42: TIGER 코스닥150바이오테크 | D42: =VLOOKUP("A"&B42,[2]ETF!$A$4:$M$10000,13,FALSE) -> 20000 | E42: =[1]!'261070:VOL'+0 -> 383818 | F42: 019875 | G42: =IF([1]!'019875^261070:SELL_TDY_QTY'="NO", 0, [1]!'019875^261070:SELL_TDY_QTY') -> 2000 | H42: =IF([1]!'019875^261070:SELL_TDY_AMT'="NO", 0, [1]!'019875^261070:SELL_TDY_AMT') -> 25149875 | I42: =IFERROR(H42/G42,0) -> 12574.938 | J42: =IF([1]!'019875^261070:BUY_TDY_QTY'="NO", 0, [1]!'019875^261070:BUY_TDY_QTY') -> 2000 | K42: =IF([1]!'019875^261070:BUY_TDY_AMT'="NO", 0, [1]!'019875^261070:BUY_TDY_AMT') -> 25504225 | L42: =IFERROR(K42/J42,0) -> 12752.112 | M42: =J42-G42 -> 0 | N42: =M42*P42 -> 0 | O42: =M42/D42 -> 0 | P42: =[1]!'261070:LAST'+0 -> 12340 | Q42: =[1]!'261070:NAV'+0 -> 12322.12 | R42: =(P42-I42)*-1*G42 -> 469875 | S42: =(P42-L42)*J42 -> -824225 | T42: =R42+S42 -> -354350 | U42: =_xlfn.IFNA(VLOOKUP(B42,[2]베타!$A$2:$C$1000,3,FALSE),0) -> -0.2623 | V42: =_xlfn.IFNA(VLOOKUP(B42,[2]베타!$A$2:$D$1000,4,FALSE),0) -> 1.0611 | W42: =_xlfn.IFNA(VLOOKUP(B42,[2]베타!$A$2:$E$1000,5,FALSE),0) -> 0.6973 | X42: =M42*Q42*U42 -> 0 | Y42: =M42*Q42*V42 -> 0 | Z42: =(P42*M42)-(X42+Y42) -> 0 | AA42: =IF(M42<0, P42-Q42, 0) -> 0 | AB42: =IF(M42>0, Q42*(1-0.2%)-P42, 0) -> 0 | AC42: =AA42/Q42*10000 -> 0 | AD42: =AB42/Q42*10000 -> 0 | AG42: =B42 -> 261070 | AH42: =-1*M42 -> 0 | AJ42: =ROUNDUP(VLOOKUP(B42,[2]베타!$A$2:$L$1000,12,FALSE),0) -> 11 | AK42: =ROUNDUP(VLOOKUP(B42,[2]베타!$A$2:$M$1000,13,FALSE),0) -> -35
B43: 261060 | C43: TIGER 코스닥150IT | D43: =VLOOKUP("A"&B43,[2]ETF!$A$4:$M$10000,13,FALSE) -> 20000 | E43: =[1]!'261060:VOL'+0 -> 17607 | F43: 019875 | G43: =IF([1]!'019875^261060:SELL_TDY_QTY'="NO", 0, [1]!'019875^261060:SELL_TDY_QTY') -> 10 | H43: =IF([1]!'019875^261060:SELL_TDY_AMT'="NO", 0, [1]!'019875^261060:SELL_TDY_AMT') -> 227890 | I43: =IFERROR(H43/G43,0) -> 22789 | J43: =IF([1]!'019875^261060:BUY_TDY_QTY'="NO", 0, [1]!'019875^261060:BUY_TDY_QTY') -> 10 | K43: =IF([1]!'019875^261060:BUY_TDY_AMT'="NO", 0, [1]!'019875^261060:BUY_TDY_AMT') -> 226850 | L43: =IFERROR(K43/J43,0) -> 22685 | M43: =J43-G43 -> 0 | N43: =M43*P43 -> 0 | O43: =M43/D43 -> 0 | P43: =[1]!'261060:LAST'+0 -> 22580 | Q43: =[1]!'261060:NAV'+0 -> 22704.53 | R43: =(P43-I43)*-1*G43 -> 2090 | S43: =(P43-L43)*J43 -> -1050 | T43: =R43+S43 -> 1040 | U43: =_xlfn.IFNA(VLOOKUP(B43,[2]베타!$A$2:$C$1000,3,FALSE),0) -> 0.2093 | V43: =_xlfn.IFNA(VLOOKUP(B43,[2]베타!$A$2:$D$1000,4,FALSE),0) -> 1.0199 | W43: =_xlfn.IFNA(VLOOKUP(B43,[2]베타!$A$2:$E$1000,5,FALSE),0) -> 0.8372 | X43: =M43*Q43*U43 -> 0 | Y43: =M43*Q43*V43 -> 0 | Z43: =(P43*M43)-(X43+Y43) -> 0 | AA43: =IF(M43<0, P43-Q43, 0) -> 0 | AB43: =IF(M43>0, Q43*(1-0.2%)-P43, 0) -> 0 | AC43: =AA43/Q43*10000 -> 0 | AD43: =AB43/Q43*10000 -> 0 | AG43: =B43 -> 261060 | AH43: =-1*M43 -> 0 | AJ43: =ROUNDUP(VLOOKUP(B43,[2]베타!$A$2:$L$1000,12,FALSE),0) -> 18 | AK43: =ROUNDUP(VLOOKUP(B43,[2]베타!$A$2:$M$1000,13,FALSE),0) -> -42
B44: 138520 | C44: TIGER 삼성그룹 | D44: =VLOOKUP("A"&B44,[2]ETF!$A$4:$M$10000,13,FALSE) -> 20000 | E44: =[1]!'138520:VOL'+0 -> 17052 | F44: 019875 | G44: =IF([1]!'019875^138520:SELL_TDY_QTY'="NO", 0, [1]!'019875^138520:SELL_TDY_QTY') -> 980 | H44: =IF([1]!'019875^138520:SELL_TDY_AMT'="NO", 0, [1]!'019875^138520:SELL_TDY_AMT') -> 35319200 | I44: =IFERROR(H44/G44,0) -> 36040 | J44: =IF([1]!'019875^138520:BUY_TDY_QTY'="NO", 0, [1]!'019875^138520:BUY_TDY_QTY') -> 980 | K44: =IF([1]!'019875^138520:BUY_TDY_AMT'="NO", 0, [1]!'019875^138520:BUY_TDY_AMT') -> 35321430 | L44: =IFERROR(K44/J44,0) -> 36042.276 | M44: =J44-G44 -> 0 | N44: =M44*P44 -> 0 | O44: =M44/D44 -> 0 | P44: =[1]!'138520:LAST'+0 -> 36085 | Q44: =[1]!'138520:NAV'+0 -> 35924.46 | R44: =(P44-I44)*-1*G44 -> -44100 | S44: =(P44-L44)*J44 -> 41870 | T44: =R44+S44 -> -2230 | U44: =_xlfn.IFNA(VLOOKUP(B44,[2]베타!$A$2:$C$1000,3,FALSE),0) -> 0.8007 | V44: =_xlfn.IFNA(VLOOKUP(B44,[2]베타!$A$2:$D$1000,4,FALSE),0) -> 0.0775 | W44: =_xlfn.IFNA(VLOOKUP(B44,[2]베타!$A$2:$E$1000,5,FALSE),0) -> 0.9127 | X44: =M44*Q44*U44 -> 0 | Y44: =M44*Q44*V44 -> 0 | Z44: =(P44*M44)-(X44+Y44) -> 0 | AA44: =IF(M44<0, P44-Q44, 0) -> 0 | AB44: =IF(M44>0, Q44*(1-0.2%)-P44, 0) -> 0 | AC44: =AA44/Q44*10000 -> 0 | AD44: =AB44/Q44*10000 -> 0 | AG44: =B44 -> 138520 | AH44: =-1*M44 -> 0 | AJ44: =ROUNDUP(VLOOKUP(B44,[2]베타!$A$2:$L$1000,12,FALSE),0) -> 12 | AK44: =ROUNDUP(VLOOKUP(B44,[2]베타!$A$2:$M$1000,13,FALSE),0) -> -32
B45: 139250 | C45: TIGER 200 에너지화학 | D45: =VLOOKUP("A"&B45,[2]ETF!$A$4:$M$10000,13,FALSE) -> 20000 | E45: =[1]!'139250:VOL'+0 -> 26487 | F45: 019875 | G45: =IF([1]!'019875^139250:SELL_TDY_QTY'="NO", 0, [1]!'019875^139250:SELL_TDY_QTY') -> 28 | H45: =IF([1]!'019875^139250:SELL_TDY_AMT'="NO", 0, [1]!'019875^139250:SELL_TDY_AMT') -> 490040 | I45: =IFERROR(H45/G45,0) -> 17501.429 | J45: =IF([1]!'019875^139250:BUY_TDY_QTY'="NO", 0, [1]!'019875^139250:BUY_TDY_QTY') -> 28 | K45: =IF([1]!'019875^139250:BUY_TDY_AMT'="NO", 0, [1]!'019875^139250:BUY_TDY_AMT') -> 500640 | L45: =IFERROR(K45/J45,0) -> 17880 | M45: =J45-G45 -> 0 | N45: =M45*P45 -> 0 | O45: =M45/D45 -> 0 | P45: =[1]!'139250:LAST'+0 -> 17470 | Q45: =[1]!'139250:NAV'+0 -> 17462.38 | R45: =(P45-I45)*-1*G45 -> 880 | S45: =(P45-L45)*J45 -> -11480 | T45: =R45+S45 -> -10600 | U45: =_xlfn.IFNA(VLOOKUP(B45,[2]베타!$A$2:$C$1000,3,FALSE),0) -> 0.2662 | V45: =_xlfn.IFNA(VLOOKUP(B45,[2]베타!$A$2:$D$1000,4,FALSE),0) -> 0.3982 | W45: =_xlfn.IFNA(VLOOKUP(B45,[2]베타!$A$2:$E$1000,5,FALSE),0) -> 0.6178 | X45: =M45*Q45*U45 -> 0 | Y45: =M45*Q45*V45 -> 0 | Z45: =(P45*M45)-(X45+Y45) -> 0 | AA45: =IF(M45<0, P45-Q45, 0) -> 0 | AB45: =IF(M45>0, Q45*(1-0.2%)-P45, 0) -> 0 | AC45: =AA45/Q45*10000 -> 0 | AD45: =AB45/Q45*10000 -> 0 | AG45: =B45 -> 139250 | AH45: =-1*M45 -> 0 | AJ45: =ROUNDUP(VLOOKUP(B45,[2]베타!$A$2:$L$1000,12,FALSE),0) -> 19 | AK45: =ROUNDUP(VLOOKUP(B45,[2]베타!$A$2:$M$1000,13,FALSE),0) -> -34
B46: 138530 | C46: TIGER LG그룹플러스 | D46: =VLOOKUP("A"&B46,[2]ETF!$A$4:$M$10000,13,FALSE) -> 20000 | E46: =[1]!'138530:VOL'+0 -> 52718 | F46: 019875 | G46: =IF([1]!'019875^138530:SELL_TDY_QTY'="NO", 0, [1]!'019875^138530:SELL_TDY_QTY') -> 80 | H46: =IF([1]!'019875^138530:SELL_TDY_AMT'="NO", 0, [1]!'019875^138530:SELL_TDY_AMT') -> 985960 | I46: =IFERROR(H46/G46,0) -> 12324.5 | J46: =IF([1]!'019875^138530:BUY_TDY_QTY'="NO", 0, [1]!'019875^138530:BUY_TDY_QTY') -> 80 | K46: =IF([1]!'019875^138530:BUY_TDY_AMT'="NO", 0, [1]!'019875^138530:BUY_TDY_AMT') -> 996400 | L46: =IFERROR(K46/J46,0) -> 12455 | M46: =J46-G46 -> 0 | N46: =M46*P46 -> 0 | O46: =M46/D46 -> 0 | P46: =[1]!'138530:LAST'+0 -> 12255 | Q46: =[1]!'138530:NAV'+0 -> 12299.11 | R46: =(P46-I46)*-1*G46 -> 5560 | S46: =(P46-L46)*J46 -> -16000 | T46: =R46+S46 -> -10440 | U46: =_xlfn.IFNA(VLOOKUP(B46,[2]베타!$A$2:$C$1000,3,FALSE),0) -> 0.3177 | V46: =_xlfn.IFNA(VLOOKUP(B46,[2]베타!$A$2:$D$1000,4,FALSE),0) -> 0.2362 | W46: =_xlfn.IFNA(VLOOKUP(B46,[2]베타!$A$2:$E$1000,5,FALSE),0) -> 0.3001 | X46: =M46*Q46*U46 -> 0 | Y46: =M46*Q46*V46 -> 0 | Z46: =(P46*M46)-(X46+Y46) -> 0 | AA46: =IF(M46<0, P46-Q46, 0) -> 0 | AB46: =IF(M46>0, Q46*(1-0.2%)-P46, 0) -> 0 | AC46: =AA46/Q46*10000 -> 0 | AD46: =AB46/Q46*10000 -> 0 | AG46: =B46 -> 138530 | AH46: =-1*M46 -> 0 | AJ46: =ROUNDUP(VLOOKUP(B46,[2]베타!$A$2:$L$1000,12,FALSE),0) -> 6 | AK46: =ROUNDUP(VLOOKUP(B46,[2]베타!$A$2:$M$1000,13,FALSE),0) -> -29
B47: 364960 | C47: TIGER BBIG | D47: =VLOOKUP("A"&B47,[2]ETF!$A$4:$M$10000,13,FALSE) -> 50000 | E47: =[1]!'364960:VOL'+0 -> 2677 | F47: 019875 | G47: =IF([1]!'019875^364960:SELL_TDY_QTY'="NO", 0, [1]!'019875^364960:SELL_TDY_QTY') -> 37 | H47: =IF([1]!'019875^364960:SELL_TDY_AMT'="NO", 0, [1]!'019875^364960:SELL_TDY_AMT') -> 240895 | I47: =IFERROR(H47/G47,0) -> 6510.6757 | J47: =IF([1]!'019875^364960:BUY_TDY_QTY'="NO", 0, [1]!'019875^364960:BUY_TDY_QTY') -> 37 | K47: =IF([1]!'019875^364960:BUY_TDY_AMT'="NO", 0, [1]!'019875^364960:BUY_TDY_AMT') -> 240605 | L47: =IFERROR(K47/J47,0) -> 6502.8378 | M47: =J47-G47 -> 0 | N47: =M47*P47 -> 0 | O47: =M47/D47 -> 0 | P47: =[1]!'364960:LAST'+0 -> 6465 | Q47: =[1]!'364960:NAV'+0 -> 6482.97 | R47: =(P47-I47)*-1*G47 -> 1690 | S47: =(P47-L47)*J47 -> -1400 | T47: =R47+S47 -> 290 | U47: =_xlfn.IFNA(VLOOKUP(B47,[2]베타!$A$2:$C$1000,3,FALSE),0) -> 0.0149 | V47: =_xlfn.IFNA(VLOOKUP(B47,[2]베타!$A$2:$D$1000,4,FALSE),0) -> 0.482 | W47: =_xlfn.IFNA(VLOOKUP(B47,[2]베타!$A$2:$E$1000,5,FALSE),0) -> 0.5397 | X47: =M47*Q47*U47 -> 0 | Y47: =M47*Q47*V47 -> 0 | Z47: =(P47*M47)-(X47+Y47) -> 0 | AA47: =IF(M47<0, P47-Q47, 0) -> 0 | AB47: =IF(M47>0, Q47*(1-0.2%)-P47, 0) -> 0 | AC47: =AA47/Q47*10000 -> 0 | AD47: =AB47/Q47*10000 -> 0 | AG47: =B47 -> 364960 | AH47: =-1*M47 -> 0 | AJ47: =ROUNDUP(VLOOKUP(B47,[2]베타!$A$2:$L$1000,12,FALSE),0) -> 14 | AK47: =ROUNDUP(VLOOKUP(B47,[2]베타!$A$2:$M$1000,13,FALSE),0) -> -36
B48: 400970 | C48: TIGER Fn메타버스 | D48: =VLOOKUP("A"&B48,[2]ETF!$A$4:$M$10000,13,FALSE) -> 50000 | E48: =[1]!'400970:VOL'+0 -> 5652 | F48: 019875 | G48: =IF([1]!'019875^400970:SELL_TDY_QTY'="NO", 0, [1]!'019875^400970:SELL_TDY_QTY') -> 1 | H48: =IF([1]!'019875^400970:SELL_TDY_AMT'="NO", 0, [1]!'019875^400970:SELL_TDY_AMT') -> 7375 | I48: =IFERROR(H48/G48,0) -> 7375 | J48: =IF([1]!'019875^400970:BUY_TDY_QTY'="NO", 0, [1]!'019875^400970:BUY_TDY_QTY') -> 1 | K48: =IF([1]!'019875^400970:BUY_TDY_AMT'="NO", 0, [1]!'019875^400970:BUY_TDY_AMT') -> 7395 | L48: =IFERROR(K48/J48,0) -> 7395 | M48: =J48-G48 -> 0 | N48: =M48*P48 -> 0 | O48: =M48/D48 -> 0 | P48: =[1]!'400970:LAST'+0 -> 7380 | Q48: =[1]!'400970:NAV'+0 -> 7365.93 | R48: =(P48-I48)*-1*G48 -> -5 | S48: =(P48-L48)*J48 -> -15 | T48: =R48+S48 -> -20 | U48: =_xlfn.IFNA(VLOOKUP(B48,[2]베타!$A$2:$C$1000,3,FALSE),0) -> 0.081 | V48: =_xlfn.IFNA(VLOOKUP(B48,[2]베타!$A$2:$D$1000,4,FALSE),0) -> 0.376 | W48: =_xlfn.IFNA(VLOOKUP(B48,[2]베타!$A$2:$E$1000,5,FALSE),0) -> 0.3868 | X48: =M48*Q48*U48 -> 0 | Y48: =M48*Q48*V48 -> 0 | Z48: =(P48*M48)-(X48+Y48) -> 0 | AA48: =IF(M48<0, P48-Q48, 0) -> 0 | AB48: =IF(M48>0, Q48*(1-0.2%)-P48, 0) -> 0 | AC48: =AA48/Q48*10000 -> 0 | AD48: =AB48/Q48*10000 -> 0 | AG48: =B48 -> 400970 | AH48: =-1*M48 -> 0 | AJ48: =ROUNDUP(VLOOKUP(B48,[2]베타!$A$2:$L$1000,12,FALSE),0) -> 13 | AK48: =ROUNDUP(VLOOKUP(B48,[2]베타!$A$2:$M$1000,13,FALSE),0) -> -32
B49: 227540 | C49: TIGER 200 헬스케어 | D49: =VLOOKUP("A"&B49,[2]ETF!$A$4:$M$10000,13,FALSE) -> 20000 | E49: =[1]!'227540:VOL'+0 -> 10132 | F49: 019875 | G49: =IF([1]!'019875^227540:SELL_TDY_QTY'="NO", 0, [1]!'019875^227540:SELL_TDY_QTY') -> 0 | H49: =IF([1]!'019875^227540:SELL_TDY_AMT'="NO", 0, [1]!'019875^227540:SELL_TDY_AMT') -> 0 | I49: =IFERROR(H49/G49,0) -> 0 | J49: =IF([1]!'019875^227540:BUY_TDY_QTY'="NO", 0, [1]!'019875^227540:BUY_TDY_QTY') -> 0 | K49: =IF([1]!'019875^227540:BUY_TDY_AMT'="NO", 0, [1]!'019875^227540:BUY_TDY_AMT') -> 0 | L49: =IFERROR(K49/J49,0) -> 0 | M49: =J49-G49 -> 0 | N49: =M49*P49 -> 0 | O49: =M49/D49 -> 0 | P49: =[1]!'227540:LAST'+0 -> 19445 | Q49: =[1]!'227540:NAV'+0 -> 19424.17 | R49: =(P49-I49)*-1*G49 -> 0 | S49: =(P49-L49)*J49 -> 0 | T49: =R49+S49 -> 0 | U49: =_xlfn.IFNA(VLOOKUP(B49,[2]베타!$A$2:$C$1000,3,FALSE),0) -> -0.0699 | V49: =_xlfn.IFNA(VLOOKUP(B49,[2]베타!$A$2:$D$1000,4,FALSE),0) -> 0.4929 | W49: =_xlfn.IFNA(VLOOKUP(B49,[2]베타!$A$2:$E$1000,5,FALSE),0) -> 0.3888 | X49: =M49*Q49*U49 -> 0 | Y49: =M49*Q49*V49 -> 0 | Z49: =(P49*M49)-(X49+Y49) -> 0 | AA49: =IF(M49<0, P49-Q49, 0) -> 0 | AB49: =IF(M49>0, Q49*(1-0.2%)-P49, 0) -> 0 | AC49: =AA49/Q49*10000 -> 0 | AD49: =AB49/Q49*10000 -> 0 | AG49: =B49 -> 227540 | AH49: =-1*M49 -> 0 | AJ49: =ROUNDUP(VLOOKUP(B49,[2]베타!$A$2:$L$1000,12,FALSE),0) -> 9 | AK49: =ROUNDUP(VLOOKUP(B49,[2]베타!$A$2:$M$1000,13,FALSE),0) -> -30
B50: 150460 | C50: TIGER 중국소비테마 | D50: =VLOOKUP("A"&B50,[2]ETF!$A$4:$M$10000,13,FALSE) -> 30000 | E50: =[1]!'150460:VOL'+0 -> 33139 | F50: 019875 | G50: =IF([1]!'019875^150460:SELL_TDY_QTY'="NO", 0, [1]!'019875^150460:SELL_TDY_QTY') -> 185 | H50: =IF([1]!'019875^150460:SELL_TDY_AMT'="NO", 0, [1]!'019875^150460:SELL_TDY_AMT') -> 1468005 | I50: =IFERROR(H50/G50,0) -> 7935.1622 | J50: =IF([1]!'019875^150460:BUY_TDY_QTY'="NO", 0, [1]!'019875^150460:BUY_TDY_QTY') -> 209 | K50: =IF([1]!'019875^150460:BUY_TDY_AMT'="NO", 0, [1]!'019875^150460:BUY_TDY_AMT') -> 1659340 | L50: =IFERROR(K50/J50,0) -> 7939.4258 | M50: =J50-G50 -> 24 | N50: =M50*P50 -> 189600 | O50: =M50/D50 -> 0.0008 | P50: =[1]!'150460:LAST'+0 -> 7900 | Q50: =[1]!'150460:NAV'+0 -> 7925.97 | R50: =(P50-I50)*-1*G50 -> 6505 | S50: =(P50-L50)*J50 -> -8240 | T50: =R50+S50 -> -1735 | U50: =_xlfn.IFNA(VLOOKUP(B50,[2]베타!$A$2:$C$1000,3,FALSE),0) -> -0.127 | V50: =_xlfn.IFNA(VLOOKUP(B50,[2]베타!$A$2:$D$1000,4,FALSE),0) -> 0.4531 | W50: =_xlfn.IFNA(VLOOKUP(B50,[2]베타!$A$2:$E$1000,5,FALSE),0) -> 0.4036 | X50: =M50*Q50*U50 -> -24158.357 | Y50: =M50*Q50*V50 -> 86190.168 | Z50: =(P50*M50)-(X50+Y50) -> 127568.19 | AA50: =IF(M50<0, P50-Q50, 0) -> 0 | AB50: =IF(M50>0, Q50*(1-0.2%)-P50, 0) -> 10.11806 | AC50: =AA50/Q50*10000 -> 0 | AD50: =AB50/Q50*10000 -> 12.765706 | AG50: =B50 -> 150460 | AH50: =-1*M50 -> -24 | AJ50: =ROUNDUP(VLOOKUP(B50,[2]베타!$A$2:$L$1000,12,FALSE),0) -> 11 | AK50: =ROUNDUP(VLOOKUP(B50,[2]베타!$A$2:$M$1000,13,FALSE),0) -> -39
B51: 417630 | C51: TIGER KEDI혁신기업ESG30 | D51: =VLOOKUP("A"&B51,[2]ETF!$A$4:$M$10000,13,FALSE) -> 50000 | E51: =[1]!'417630:VOL'+0 -> 518 | F51: 019875 | G51: =IF([1]!'019875^417630:SELL_TDY_QTY'="NO", 0, [1]!'019875^417630:SELL_TDY_QTY') -> 0 | H51: =IF([1]!'019875^417630:SELL_TDY_AMT'="NO", 0, [1]!'019875^417630:SELL_TDY_AMT') -> 0 | I51: =IFERROR(H51/G51,0) -> 0 | J51: =IF([1]!'019875^417630:BUY_TDY_QTY'="NO", 0, [1]!'019875^417630:BUY_TDY_QTY') -> 0 | K51: =IF([1]!'019875^417630:BUY_TDY_AMT'="NO", 0, [1]!'019875^417630:BUY_TDY_AMT') -> 0 | L51: =IFERROR(K51/J51,0) -> 0 | M51: =J51-G51 -> 0 | N51: =M51*P51 -> 0 | O51: =M51/D51 -> 0 | P51: =[1]!'417630:LAST'+0 -> 19425 | Q51: =[1]!'417630:NAV'+0 -> 19501.52 | R51: =(P51-I51)*-1*G51 -> 0 | S51: =(P51-L51)*J51 -> 0 | T51: =R51+S51 -> 0 | U51: =_xlfn.IFNA(VLOOKUP(B51,[2]베타!$A$2:$C$1000,3,FALSE),0) -> 0.2911 | V51: =_xlfn.IFNA(VLOOKUP(B51,[2]베타!$A$2:$D$1000,4,FALSE),0) -> 0.3918 | W51: =_xlfn.IFNA(VLOOKUP(B51,[2]베타!$A$2:$E$1000,5,FALSE),0) -> 0.8065 | X51: =M51*Q51*U51 -> 0 | Y51: =M51*Q51*V51 -> 0 | Z51: =(P51*M51)-(X51+Y51) -> 0 | AA51: =IF(M51<0, P51-Q51, 0) -> 0 | AB51: =IF(M51>0, Q51*(1-0.2%)-P51, 0) -> 0 | AC51: =AA51/Q51*10000 -> 0 | AD51: =AB51/Q51*10000 -> 0 | AG51: =B51 -> 417630 | AH51: =-1*M51 -> 0 | AJ51: =ROUNDUP(VLOOKUP(B51,[2]베타!$A$2:$L$1000,12,FALSE),0) -> 17 | AK51: =ROUNDUP(VLOOKUP(B51,[2]베타!$A$2:$M$1000,13,FALSE),0) -> -39
B52: 0148J0 | C52: TIGER 코리아휴머노이드로봇산업 | D52: =VLOOKUP("A"&B52,[2]ETF!$A$4:$M$10000,13,FALSE) -> 50000 | E52: =[1]!'0148J0:VOL'+0 -> 1945442 | F52: 019875 | G52: =IF([1]!'019875^0148J0:SELL_TDY_QTY'="NO", 0, [1]!'019875^0148J0:SELL_TDY_QTY') -> 12285 | H52: =IF([1]!'019875^0148J0:SELL_TDY_AMT'="NO", 0, [1]!'019875^0148J0:SELL_TDY_AMT') -> 106481965 | I52: =IFERROR(H52/G52,0) -> 8667.6406 | J52: =IF([1]!'019875^0148J0:BUY_TDY_QTY'="NO", 0, [1]!'019875^0148J0:BUY_TDY_QTY') -> 12285 | K52: =IF([1]!'019875^0148J0:BUY_TDY_AMT'="NO", 0, [1]!'019875^0148J0:BUY_TDY_AMT') -> 106624234 | L52: =IFERROR(K52/J52,0) -> 8679.2213 | M52: =J52-G52 -> 0 | N52: =M52*P52 -> 0 | O52: =M52/D52 -> 0 | P52: =[1]!'0148J0:LAST'+0 -> 8565 | Q52: =[1]!'0148J0:NAV'+0 -> 8572.46 | R52: =(P52-I52)*-1*G52 -> 1260940 | S52: =(P52-L52)*J52 -> -1403209 | T52: =R52+S52 -> -142269 | U52: =_xlfn.IFNA(VLOOKUP(B52,[2]베타!$A$2:$C$1000,3,FALSE),0) -> 0.4052 | V52: =_xlfn.IFNA(VLOOKUP(B52,[2]베타!$A$2:$D$1000,4,FALSE),0) -> 0.5946 | W52: =_xlfn.IFNA(VLOOKUP(B52,[2]베타!$A$2:$E$1000,5,FALSE),0) -> 0.5292 | X52: =M52*Q52*U52 -> 0 | Y52: =M52*Q52*V52 -> 0 | Z52: =(P52*M52)-(X52+Y52) -> 0 | AA52: =IF(M52<0, P52-Q52, 0) -> 0 | AB52: =IF(M52>0, Q52*(1-0.2%)-P52, 0) -> 0 | AC52: =AA52/Q52*10000 -> 0 | AD52: =AB52/Q52*10000 -> 0 | AG52: =B52 -> 0148J0 | AH52: =-1*M52 -> 0 | AJ52: =ROUNDUP(VLOOKUP(B52,[2]베타!$A$2:$L$1000,12,FALSE),0) -> 8 | AK52: =ROUNDUP(VLOOKUP(B52,[2]베타!$A$2:$M$1000,13,FALSE),0) -> -27

Sheet Sheet2
R1: 0.9
P2: 0 | Q2: 0 | R2: 0
J3: ABS 포지션 | K3: 0 | O3: 상품 | P3: ETF 델타 | Q3: 선물 델타 | R3: NET 델타 | S3: 계약수 환산 | T3: 필요 계약수 | U3: 당일 손익 | V3: NET
J4: 매도 포지션 | K4: 0 | N4: #DIV/0! | O4: KOSPI 200 | P4: 0 | Q4: 0 | R4: 0 | S4: 0 | T4: 0 | U4: 6087242 | V4: 바스켓
J5: 매수 포재션 | K5: 0 | N5: #DIV/0! | O5: KOSDAQ 150 | P5: 0 | Q5: 0 | R5: 0 | S5: 0 | T5: 0 | V5: 현금
B7: 종목코드 | C7: 종목명 | D7: 1CU | E7: 시장 거래량 | F7: 펀드코드 | G7: 당일매도수량 | H7: 당일매도금액 | I7: 매도단가 | J7: 당일매수수량 | K7: 당일매수금액 | L7: 매수단가 | M7: NET 포지션 수량 | N7: NET 포지션 금액 | O7: CU 비중 | P7: 현재가 | Q7: 매도 손익 | R7: 매수 손익 | S7: 당일 손익 | T7: 1계약 델타 | U7: 전체 잔고 수량
B9: - | C9: - | D9: - | E9: - | F9: - | G9: 93 | H9: 2938118000 | I9: - | J9: 93 | K9: 2928765000 | L9: - | M9: 0 | N9: 0 | O9: - | P9: - | Q9: 25948000 | R9: -16595000 | S9: 9353000 | T9: 65473000 | U9: 0
B10: A0569 | C10: 미니 코스피 200 선물 | D10: 0 | E10: - | F10: 028875 | G10: 43 | H10: 2242428000 | I10: 1042.9898 | J10: 43 | K10: 2233695000 | L10: 1038.9279 | M10: 0 | N10: 0 | O10: - | P10: 1032.8 | Q10: 21908000 | R10: -13175000 | S10: 8733000 | T10: 51640000 | U10: 0
B11: A0669 | C11: 코스닥 150 선물 | D11: 0 | E11: - | F11: 028875 | G11: 50 | H11: 695690000 | I11: 1391.38 | J11: 50 | K11: 695070000 | L11: 1390.14 | M11: 0 | N11: 0 | O11: - | P11: 1383.3 | Q11: 4040000 | R11: -3420000 | S11: 620000 | T11: 13833000 | U11: 0
G12: =@IF(@KBMonitor|DATA!'019875^091220:SELL_TDY_QTY'="NO", 0, KBMonitor|DATA!'019875^091220:SELL_TDY_QTY') | N12: 0 | T12: * 200과 150은 전일종가(금액)으로 계산 | AA12: 유리 여부
B13: 종목코드 | C13: 종목명 | D13: 1CU | E13: 시장 거래량 | F13: 펀드코드 | G13: 당일매도수량 | H13: 당일매도금액 | I13: 매도단가 | J13: 당일매수수량 | K13: 당일매수금액 | L13: 매수단가 | M13: NET 포지션 수량 | N13: NET 포지션 금액 | O13: CU 비중 | P13: 현재가 | Q13: NAV | R13: 매도 손익 | S13: 매수 손익 | T13: 당일 손익 | U13: KS 베타 | V13: KQ 베타 | W13: R-Squared | X13: W.KOSPI200 | Y13: W.KOSDAQ150 | Z13: W.200&150 외 | AA13: 매도 손익 (nav 대비) | AB13: 매수 손익 (nav 대비) | AC13: 매도 손익 (nav 대비) | AD13: 매수 손익 (nav 대비) | AE13: 포지션 abs
B14: - | C14: - | D14: - | E14: - | F14: - | G14: 218583 | H14: 4781740996 | I14: - | J14: 218583 | K14: 4785006754 | L14: - | M14: 0 | N14: 0 | O14: - | P14: - | Q14: - | R14: 45624941 | S14: -48890699 | T14: -3265758 | U14: 0.25538684 | V14: 0.46778684 | W14: 0.5729 | X14: 0 | Y14: 0 | Z14: 0 | AA14: 0 | AB14: 0 | AC14: 0 | AD14: 0 | AE14: 0 | AG14: 종목코드 | AH14: 정리매매 | AJ14: 매도 bp | AK14: 매수 bp
B15: 396500 | C15: TIGER 반도체TOP10 | D15: 50000 | E15: 7272468 | F15: 019875 | G15: 78372 | H15: 2680505060 | I15: 34202.331 | J15: 78372 | K15: 2686885015 | L15: 34283.737 | M15: 0 | N15: 0 | O15: 0 | P15: 33910 | Q15: 33974.39 | R15: 22910540 | S15: -29290495 | T15: -6379955 | U15: 1.1175 | V15: 0.1842 | W15: 0.9274 | X15: 0 | Y15: 0 | Z15: 0 | AA15: 0 | AB15: 0 | AC15: 0 | AD15: 0 | AE15: 0 | AG15: 396500 | AH15: 0 | AJ15: -3 | AK15: -20
B16: 228790 | C16: TIGER 화장품 | D16: 30000 | E16: 9774397 | F16: 019875 | G16: 4059 | H16: 19281855 | I16: 4750.3954 | J16: 4059 | K16: 19323495 | L16: 4760.6541 | M16: 0 | N16: 0 | O16: 0 | P16: 4720 | Q16: 4730.48 | R16: 123375 | S16: -165015 | T16: -41640 | U16: -0.211 | V16: 0.5851 | W16: 0.3567 | X16: 0 | Y16: 0 | Z16: 0 | AA16: 0 | AB16: 0 | AC16: 0 | AD16: 0 | AE16: 0 | AG16: 228790 | AH16: 0 | AJ16: 14 | AK16: -28
B17: 462010 | C17: TIGER 2차전지소재Fn | D17: 50000 | E17: 2593180 | F17: 019875 | G17: 1767 | H17: 8706400 | I17: 4927.2213 | J17: 1767 | K17: 8494840 | L17: 4807.4929 | M17: 0 | N17: 0 | O17: 0 | P17: 4775 | Q17: 4779.8 | R17: 268975 | S17: -57415 | T17: 211560 | U17: 0.0594 | V17: 0.8415 | W17: 0.6174 | X17: 0 | Y17: 0 | Z17: 0 | AA17: 0 | AB17: 0 | AC17: 0 | AD17: 0 | AE17: 0 | AG17: 462010 | AH17: 0 | AJ17: 10 | AK17: -29
B18: 364980 | C18: TIGER 2차전지TOP10 | D18: 50000 | E18: 4056999 | F18: 019875 | G18: 47838 | H18: 495100400 | I18: 10349.521 | J18: 47838 | K18: 492394585 | L18: 10292.959 | M18: 0 | N18: 0 | O18: 0 | P18: 10180 | Q18: 10199.49 | R18: 8109560 | S18: -5403745 | T18: 2705815 | U18: 0.0699 | V18: 0.6894 | W18: 0.4887 | X18: 0 | Y18: 0 | Z18: 0 | AA18: 0 | AB18: 0 | AC18: 0 | AD18: 0 | AE18: 0 | AG18: 364980 | AH18: 0 | AJ18: 9 | AK18: -28
B19: 0117V0 | C19: TIGER 코리아AI전력기기TOP3플러스 | D19: 50000 | E19: 1104092 | F19: 019875 | G19: 2729 | H19: 49657675 | I19: 18196.29 | J19: 2729 | K19: 50436405 | L19: 18481.643 | M19: 0 | N19: 0 | O19: 0 | P19: 17950 | Q19: 17963.4 | R19: 672125 | S19: -1450855 | T19: -778730 | U19: 0.4144 | V19: 0.7155 | W19: 0.6341 | X19: 0 | Y19: 0 | Z19: 0 | AA19: 0 | AB19: 0 | AC19: 0 | AD19: 0 | AE19: 0 | AG19: 0117V0 | AH19: 0 | AJ19: 7 | AK19: -27
B20: 305540 | C20: TIGER 2차전지테마 | D20: 50000 | E20: 571319 | F20: 019875 | G20: 1001 | H20: 19023575 | I20: 19004.57 | J20: 1001 | K20: 18953575 | L20: 18934.64 | M20: 0 | N20: 0 | O20: 0 | P20: 18450 | Q20: 18449.6 | R20: 555125 | S20: -485125 | T20: 70000 | U20: 0.0416 | V20: 0.7049 | W20: 0.5319 | X20: 0 | Y20: 0 | Z20: 0 | AA20: 0 | AB20: 0 | AC20: 0 | AD20: 0 | AE20: 0 | AG20: 305540 | AH20: 0 | AJ20: 9 | AK20: -28
B21: 494670 | C21: TIGER 조선TOP10 | D21: 50000 | E21: 410617 | F21: 019875 | G21: 20807 | H21: 436190212 | I21: 20963.628 | J21: 20807 | K21: 433007335 | L21: 20810.657 | M21: 0 | N21: 0 | O21: 0 | P21: 20730 | Q21: 20733.82 | R21: 4861102 | S21: -1678225 | T21: 3182877 | U21: 0.1698 | V21: 0.4181 | W21: 0.3854 | X21: 0 | Y21: 0 | Z21: 0 | AA21: 0 | AB21: 0 | AC21: 0 | AD21: 0 | AE21: 0 | AG21: 494670 | AH21: 0 | AJ21: 5 | AK21: -26
B22: 364970 | C22: TIGER 바이오TOP10 | D22: 50000 | E22: 1567969 | F22: 019875 | G22: 20055 | H22: 149019704 | I22: 7430.5512 | J22: 20055 | K22: 148868755 | L22: 7423.0244 | M22: 0 | N22: 0 | O22: 0 | P22: 7330 | Q22: 7336.02 | R22: 2016554 | S22: -1865605 | T22: 150949 | U22: -0.0509 | V22: 0.5849 | W22: 0.5155 | X22: 0 | Y22: 0 | Z22: 0 | AA22: 0 | AB22: 0 | AC22: 0 | AD22: 0 | AE22: 0 | AG22: 364970 | AH22: 0 | AJ22: 5 | AK22: -26
B23: 0091P0 | C23: TIGER 코리아원자력 | D23: 50000 | E23: 844367 | F23: 019875 | G23: 0 | H23: 0 | I23: 0 | J23: 0 | K23: 0 | L23: 0 | M23: 0 | N23: 0 | O23: 0 | P23: 15865 | Q23: 15872.83 | R23: 0 | S23: 0 | T23: 0 | U23: 0.2045 | V23: 0.8173 | W23: 0.6259 | X23: 0 | Y23: 0 | Z23: 0 | AA23: 0 | AB23: 0 | AC23: 0 | AD23: 0 | AE23: 0 | AG23: 0091P0 | AH23: 0 | AJ23: 10 | AK23: -31
B24: 292150 | C24: TIGER 코리아TOP10 | D24: 50000 | E24: 280457 | F24: 019875 | G24: 3783 | H24: 137718750 | I24: 36404.639 | J24: 3783 | K24: 138696635 | L24: 36663.134 | M24: 0 | N24: 0 | O24: 0 | P24: 36275 | Q24: 36312.88 | R24: 490425 | S24: -1468310 | T24: -977885 | U24: 0.9661 | V24: -0.0116 | W24: 0.9806 | X24: 0 | Y24: 0 | Z24: 0 | AA24: 0 | AB24: 0 | AC24: 0 | AD24: 0 | AE24: 0 | AG24: 292150 | AH24: 0 | AJ24: 3 | AK24: -22
B25: 139230 | C25: TIGER 200 중공업 | D25: 20000 | E25: 67303 | F25: 019875 | G25: 0 | H25: 0 | I25: 0 | J25: 0 | K25: 0 | L25: 0 | M25: 0 | N25: 0 | O25: 0 | P25: 12340 | Q25: 12340.11 | R25: 0 | S25: 0 | T25: 0 | U25: 0.2392 | V25: 0.5334 | W25: 0.6099 | X25: 0 | Y25: 0 | Z25: 0 | AA25: 0 | AB25: 0 | AC25: 0 | AD25: 0 | AE25: 0 | AG25: 139230 | AH25: 0 | AJ25: 12 | AK25: -29
B26: 364990 | C26: TIGER 게임TOP10 | D26: 50000 | E26: 44273 | F26: 019875 | G26: 2 | H26: 9570 | I26: 4785 | J26: 2 | K26: 9435 | L26: 4717.5 | M26: 0 | N26: 0 | O26: 0 | P26: 4715 | Q26: 4712.38 | R26: 140 | S26: -5 | T26: 135 | U26: -0.076 | V26: 0.328 | W26: 0.1582 | X26: 0 | Y26: 0 | Z26: 0 | AA26: 0 | AB26: 0 | AC26: 0 | AD26: 0 | AE26: 0 | AG26: 364990 | AH26: 0 | AJ26: 19 | AK26: -35
... B30: 307520 | C30: TIGER 지주회사 | D30: 50000 | E30: 208433 | F30: 019875 | G30: 16 | H30: 352265 | I30: 22016.562 | J30: 16 | K30: 351560 | L30: 21972.5 | M30: 0 | N30: 0 | O30: 0 | P30: 21900 | Q30: 21923.78 | R30: 1865 | S30: -1160 | T30: 705 | U30: 0.3637 | V30: 0.3803 | W30: 0.7504 | X30: 0 | Y30: 0 | Z30: 0 | AA30: 0 | AB30: 0 | AC30: 0 | AD30: 0 | AE30: 0 | AG30: 307520 | AH30: 0 | AJ30: 5 | AK30: -30
B31: 157490 | C31: TIGER 소프트웨어 | D31: 20000 | F31: 019875 | G31: 1356 | H31: 11287817 | I31: 8324.3488 | J31: 1356 | K31: 11265965 | L31: 8308.2338 | M31: 0 | N31: 0 | O31: 0 | P31: 8290 | Q31: 8297.47 | R31: 46577 | S31: -24725 | T31: 21852 | U31: 0.1859 | V31: 0.2998 | W31: 0.3632 | X31: 0 | Y31: 0 | Z31: 0 | AA31: 0 | AB31: 0 | AC31: 0 | AD31: 0 | AE31: 0 | AG31: 157490 | AH31: 0 | AJ31: 11 | AK31: -33
B32: 471760 | C32: TIGER AI반도체핵심공정 | D32: 50000 | E32: 635046 | F32: 019875 | G32: 1921 | H32: 27119665 | I32: 14117.473 | J32: 1921 | K32: 27435130 | L32: 14281.692 | M32: 0 | N32: 0 | O32: 0 | P32: 14190 | Q32: 14224.8 | R32: -139325 | S32: -176140 | T32: -315465 | U32: 0.5112 | V32: 0.8111 | W32: 0.7985 | X32: 0 | Y32: 0 | Z32: 0 | AA32: 0 | AB32: 0 | AC32: 0 | AD32: 0 | AE32: 0 | AG32: 471760 | AH32: 0 | AJ32: 7 | AK32: -30
B33: 0052D0 | C33: TIGER 코리아배당다우존스 | D33: 50000 | E33: 57305 | F33: 019875 | G33: 280 | H33: 4361740 | I33: 15577.643 | J33: 280 | K33: 4343975 | L33: 15514.196 | M33: 0 | N33: 0 | O33: 0 | P33: 15475 | Q33: 15481.76 | R33: 28740 | S33: -10975 | T33: 17765 | U33: 0.1038 | V33: 0.2279 | W33: 0.4037 | X33: 0 | Y33: 0 | Z33: 0 | AA33: 0 | AB33: 0 | AC33: 0 | AD33: 0 | AE33: 0 | AG33: 0052D0 | AH33: 0 | AJ33: 6 | AK33: -23
B34: 466940 | C34: TIGER 은행고배당플러스TOP10 | D34: 50000 | E34: 810965 | F34: 019875 | G34: 6383 | H34: 173165013 | I34: 27129.095 | J34: 6383 | K34: 172349100 | L34: 27001.269 | M34: 0 | N34: 0 | O34: 0 | P34: 26785 | Q34: 26777.4 | R34: 2196358 | S34: -1380445 | T34: 815913 | U34: 0.1052 | V34: 0.1725 | W34: 0.2584 | X34: 0 | Y34: 0 | Z34: 0 | AA34: 0 | AB34: 0 | AC34: 0 | AD34: 0 | AE34: 0 | AG34: 466940 | AH34: 0 | AJ34: 4 | AK34: -22
B35: 139220 | C35: TIGER 200 건설 | D35: 20000 | E35: 317711 | F35: 019875 | G35: 0 | H35: 0 | I35: 0 | J35: 0 | K35: 0 | L35: 0 | M35: 0 | N35: 0 | O35: 0 | P35: 7400 | Q35: 7404.52 | R35: 0 | S35: 0 | T35: 0 | U35: 0.4238 | V35: 0.5168 | W35: 0.6182 | X35: 0 | Y35: 0 | Z35: 0 | AA35: 0 | AB35: 0 | AC35: 0 | AD35: 0 | AE35: 0 | AG35: 139220 | AH35: 0 | AJ35: 12 | AK35: -32
B36: 365000 | C36: TIGER 인터넷TOP10 | D36: 50000 | E36: 130272 | F36: 019875 | G36: 30 | H36: 106825 | I36: 3560.8333 | J36: 30 | K36: 105470 | L36: 3515.6667 | M36: 0 | N36: 0 | O36: 0 | P36: 3510 | Q36: 3506.08 | R36: 1525 | S36: -170 | T36: 1355 | U36: 0.0803 | V36: 0.506 | W36: 0.5622 | X36: 0 | Y36: 0 | Z36: 0 | AA36: 0 | AB36: 0 | AC36: 0 | AD36: 0 | AE36: 0 | AG36: 365000 | AH36: 0 | AJ36: 17 | AK36: -38
B37: 228800 | C37: TIGER 여행레저 | D37: 30000 | E37: 142297 | F37: 019875 | G37: 1177 | H37: 3209970 | I37: 2727.2472 | J37: 1177 | K37: 3195555 | L37: 2715 | M37: 0 | N37: 0 | O37: 0 | P37: 2725 | Q37: 2719.22 | R37: 2645 | S37: 11770 | T37: 14415 | U37: -0.0175 | V37: 0.375 | W37: 0.3333 | X37: 0 | Y37: 0 | Z37: 0 | AA37: 0 | AB37: 0 | AC37: 0 | AD37: 0 | AE37: 0 | AG37: 228800 | AH37: 0 | AJ37: 18 | AK37: -32
B38: 138540 | C38: TIGER 현대차그룹플러스 | D38: 20000 | E38: 121690 | F38: 019875 | G38: 669 | H38: 32521825 | I38: 48612.593 | J38: 669 | K38: 32922975 | L38: 49212.22 | M38: 0 | N38: 0 | O38: 0 | P38: 48300 | Q38: 48323.91 | R38: 209125 | S38: -610275 | T38: -401150 | U38: 0.3759 | V38: 0.293 | W38: 0.5372 | X38: 0 | Y38: 0 | Z38: 0 | AA38: 0 | AB38: 0 | AC38: 0 | AD38: 0 | AG38: 138540 | AH38: 0 | AJ38: 5 | AK38: -24
B39: 377990 | C39: TIGER Fn신재생에너지 | D39: 50000 | E39: 76744 | F39: 019875 | G39: 1 | H39: 23940 | I39: 23940 | J39: 1 | K39: 23360 | L39: 23360 | M39: 0 | N39: 0 | O39: 0 | P39: 23265 | Q39: 23270.46 | R39: 675 | S39: -95 | T39: 580 | U39: 0.2013 | V39: 0.8172 | W39: 0.6391 | X39: 0 | Y39: 0 | Z39: 0 | AA39: 0 | AB39: 0 | AC39: 0 | AD39: 0 | AE39: 0 | AG39: 377990 | AH39: 0 | AJ39: 10 | AK39: -30
B40: 395270 | C40: HANARO Fn K-반도체 | D40: 50000 | E40: 859501 | F40: 019875 | G40: 5293 | H40: 285275550 | I40: 53896.76 | J40: 5293 | K40: 285914745 | L40: 54017.522 | M40: 0 | N40: 0 | O40: 0 | P40: 53570 | Q40: 53669.75 | R40: 1729540 | S40: -2368735 | T40: -639195 | U40: 1.1755 | V40: 0.0971 | W40: 0.9138 | X40: 0 | Y40: 0 | Z40: 0 | AA40: 0 | AB40: 0 | AC40: 0 | AD40: 0 | AE40: 0 | AG40: 395270 | AH40: 0 | AJ40: 2 | AK40: -23
B41: 091220 | C41: TIGER 은행 | D41: 20000 | E41: 90828 | F41: 019875 | G41: 0 | H41: 0 | I41: 0 | J41: 0 | K41: 0 | L41: 0 | M41: 0 | N41: 0 | O41: 0 | P41: 17085 | Q41: 17091.67 | R41: 0 | S41: 0 | T41: 0 | U41: 0.0486 | V41: 0.2094 | W41: 0.1869 | X41: 0 | Y41: 0 | Z41: 0 | AA41: 0 | AB41: 0 | AC41: 0 | AD41: 0 | AE41: 0 | AG41: 091220 | AH41: 0 | AJ41: 8 | AK41: -30
B42: 261070 | C42: TIGER 코스닥150바이오테크 | D42: 20000 | E42: 380643 | F42: 019875 | G42: 2000 | H42: 25149875 | I42: 12574.938 | J42: 2000 | K42: 25504225 | L42: 12752.112 | M42: 0 | N42: 0 | O42: 0 | P42: 12365 | Q42: 12384.66 | R42: 419875 | S42: -774225 | T42: -354350 | U42: -0.2623 | V42: 1.0611 | W42: 0.6973 | X42: 0 | Y42: 0 | Z42: 0 | AA42: 0 | AB42: 0 | AC42: 0 | AD42: 0 | AG42: 261070 | AH42: 0 | AJ42: 11 | AK42: -35
B43: 261060 | C43: TIGER 코스닥150IT | D43: 20000 | E43: 16483 | F43: 019875 | G43: 10 | H43: 227890 | I43: 22789 | J43: 10 | K43: 226850 | L43: 22685 | M43: 0 | N43: 0 | O43: 0 | P43: 22825 | Q43: 22872.24 | R43: -360 | S43: 1400 | T43: 1040 | U43: 0.2093 | V43: 1.0199 | W43: 0.8372 | X43: 0 | Y43: 0 | Z43: 0 | AA43: 0 | AB43: 0 | AC43: 0 | AD43: 0 | AG43: 261060 | AH43: 0 | AJ43: 18 | AK43: -42
B44: 138520 | C44: TIGER 삼성그룹 | D44: 20000 | E44: 16928 | F44: 019875 | G44: 980 | H44: 35319200 | I44: 36040 | J44: 980 | K44: 35321430 | L44: 36042.276 | M44: 0 | N44: 0 | O44: 0 | P44: 35950 | Q44: 35945.38 | R44: 88200 | S44: -90430 | T44: -2230 | U44: 0.8007 | V44: 0.0775 | W44: 0.9127 | X44: 0 | Y44: 0 | Z44: 0 | AA44: 0 | AB44: 0 | AC44: 0 | AD44: 0 | AG44: 138520 | AH44: 0 | AJ44: 12 | AK44: -32
B45: 139250 | C45: TIGER 200 에너지화학 | D45: 20000 | E45: 21626 | F45: 019875 | G45: 28 | H45: 490040 | I45: 17501.429 | J45: 28 | K45: 500640 | L45: 17880 | M45: 0 | N45: 0 | O45: 0 | P45: 17420 | Q45: 17452.42 | R45: 2280 | S45: -12880 | T45: -10600 | U45: 0.2662 | V45: 0.3982 | W45: 0.6178 | X45: 0 | Y45: 0 | Z45: 0 | AA45: 0 | AB45: 0 | AC45: 0 | AD45: 0 | AG45: 139250 | AH45: 0 | AJ45: 19 | AK45: -34
B46: 138530 | C46: TIGER LG그룹플러스 | D46: 20000 | E46: 49426 | F46: 019875 | G46: 80 | H46: 985960 | I46: 12324.5 | J46: 80 | K46: 996400 | L46: 12455 | M46: 0 | N46: 0 | O46: 0 | P46: 12295 | Q46: 12303.7 | R46: 2360 | S46: -12800 | T46: -10440 | U46: 0.3177 | V46: 0.2362 | W46: 0.3001 | X46: 0 | Y46: 0 | Z46: 0 | AA46: 0 | AB46: 0 | AC46: 0 | AD46: 0 | AG46: 138530 | AH46: 0 | AJ46: 6 | AK46: -29
B47: 364960 | C47: TIGER BBIG | D47: 50000 | E47: 2178 | F47: 019875 | G47: 37 | H47: 240895 | I47: 6510.6757 | J47: 37 | K47: 240605 | L47: 6502.8378 | M47: 0 | N47: 0 | O47: 0 | P47: 6485 | Q47: 6485.53 | R47: 950 | S47: -660 | T47: 290 | U47: 0.0149 | V47: 0.482 | W47: 0.5397 | X47: 0 | Y47: 0 | Z47: 0 | AA47: 0 | AB47: 0 | AC47: 0 | AD47: 0 | AG47: 364960 | AH47: 0 | AJ47: 14 | AK47: -36
B48: 400970 | C48: TIGER Fn메타버스 | D48: 50000 | E48: 5304 | F48: 019875 | G48: 1 | H48: 7375 | I48: 7375 | J48: 1 | K48: 7395 | L48: 7395 | M48: 0 | N48: 0 | O48: 0 | P48: 7375 | Q48: 7381.15 | R48: 0 | S48: -20 | T48: -20 | U48: 0.081 | V48: 0.376 | W48: 0.3868 | X48: 0 | Y48: 0 | Z48: 0 | AA48: 0 | AB48: 0 | AC48: 0 | AD48: 0 | AG48: 400970 | AH48: 0 | AJ48: 13 | AK48: -32
B49: 227540 | C49: TIGER 200 헬스케어 | D49: 20000 | E49: 9328 | F49: 019875 | G49: 0 | H49: 0 | I49: 0 | J49: 0 | K49: 0 | L49: 0 | M49: 0 | N49: 0 | O49: 0 | P49: 19480 | Q49: 19464.26 | R49: 0 | S49: 0 | T49: 0 | U49: -0.0699 | V49: 0.4929 | W49: 0.3888 | X49: 0 | Y49: 0 | Z49: 0 | AA49: 0 | AB49: 0 | AC49: 0 | AD49: 0 | AG49: 227540 | AH49: 0 | AJ49: 9 | AK49: -30
B50: 150460 | C50: TIGER 중국소비테마 | D50: 30000 | E50: 32258 | F50: 019875 | G50: 185 | H50: 1468005 | I50: 7935.1622 | J50: 185 | K50: 1468900 | L50: 7940 | M50: 0 | N50: 0 | O50: 0 | P50: 7935 | Q50: 7944.95 | R50: 30 | S50: -925 | T50: -895 | U50: -0.127 | V50: 0.4531 | W50: 0.4036 | X50: 0 | Y50: 0 | Z50: 0 | AA50: 0 | AB50: 0 | AC50: 0 | AD50: 0 | AG50: 150460 | AH50: 0 | AJ50: 11 | AK50: -39
B51: 417630 | C51: TIGER KEDI혁신기업ESG30 | D51: 50000 | E51: 450 | F51: 019875 | G51: 0 | H51: 0 | I51: 0 | J51: 0 | K51: 0 | L51: 0 | M51: 0 | N51: 0 | O51: 0 | P51: 19585 | Q51: 19540.26 | R51: 0 | S51: 0 | T51: 0 | U51: 0.2911 | V51: 0.3918 | W51: 0.8065 | X51: 0 | Y51: 0 | Z51: 0 | AA51: 0 | AB51: 0 | AC51: 0 | AD51: 0 | AG51: 417630 | AH51: 0 | AJ51: 17 | AK51: -39
B52: 0148J0 | C52: TIGER 코리아휴머노이드로봇산업 | D52: 50000 | E52: 1841657 | F52: 019875 | G52: 12285 | H52: 106481965 | I52: 8667.6406 | J52: 12285 | K52: 106624234 | L52: 8679.2213 | M52: 0 | N52: 0 | O52: 0 | P52: 8600 | Q52: 8618.31 | R52: 830965 | S52: -973234 | T52: -142269 | U52: 0.4052 | V52: 0.5946 | W52: 0.5292 | X52: 0 | Y52: 0 | Z52: 0 | AA52: 0 | AB52: 0 | AC52: 0 | AD52: 0 | AG52: 0148J0 | AH52: 0 | AJ52: 8 | AK52: -27

Sheet Sheet3
A1: No | B1: 계좌명 | C1: 계좌번호 | D1: 종목코드 | E1: 종목명 | F1: 구분 | G1: 유형 | H1: 주문수량 | I1: 미체결 | J1: 체결수량 | K1: 주문가격 | L1: 체결가격 | M1: 주문시간 | N1: 체결시간 | O1: 상태 | P1: 에러 | Q1: 주문번호 | R1: 주문Seq | S1: 원주문Seq | T1: 정정취소 | U1: 공매도 | V1: 거부 | W1: 가격유형 | X1: 원주문번호 | Y1: 자전방지 | Z1: 알고전략구분 | AA1: 프로그램
A2: 1 | B2: TIGER KRX바이오K-뉴 | C2: 99019875 | D2: 228790 | E2: TIGER 화장품 | F2: 매수 | G2: 신규 | H2: 1000 | I2: 0 | J2: 1000 | K2: 4715 | L2: 4715 | M2: 0.37541667 | N2: 0.37542824 | O2: 체결 | Q2: 4088 | R2: 4088 | S2: 0 | T2: 0 | U2: 일반 | V2: 0 | W2: 지정가 | X2: 0 | Z2: 알고리즘 | AA2: 일반
A3: 2 | B3: TIGER KRX바이오K-뉴 | C3: 99019875 | D3: 364980 | E3: TIGER 2차전지TOP10 | F3: 매도 | G3: 신규 | H3: 1000 | I3: 0 | J3: 404 | K3: 10515 | L3: 10515 | M3: 0.37541667 | N3: 0.37542824 | O3: 체결 | Q3: 4103 | R3: 4103 | S3: 0 | T3: 596 | U3: 일반 | V3: 0 | W3: 지정가 | X3: 0 | Z3: 알고리즘 | AA3: 일반
A4: 3 | B4: TIGER KRX바이오K-뉴 | C4: 99019875 | D4: 0052D0 | E4: TIGER 코리아배당다우존스 | F4: 매도 | G4: 신규 | H4: 1000 | I4: 0 | J4: 1 | K4: 15525 | L4: 15525 | M4: 0.37541667 | N4: 0.37542824 | O4: 체결 | Q4: 4109 | R4: 4109 | S4: 0 | T4: 999 | U4: 일반 | V4: 0 | W4: 지정가 | X4: 0 | Z4: 알고리즘 | AA4: 일반
A5: 4 | B5: TIGER KRX바이오K-뉴 | C5: 99019875 | D5: 364980 | E5: TIGER 2차전지TOP10 | F5: 매도 | G5: 정정 | H5: 1000 | I5: 0 | J5: 1 | K5: 10500 | L5: 10500 | M5: 0.37542824 | N5: 0.37543981 | O5: 체결 | Q5: 4194 | R5: 4194 | S5: 4103 | T5: 595 | U5: 일반 | V5: 404 | W5: 지정가 | X5: 4103 | Z5: 알고리즘 | AA5: 일반
A6: 5 | B6: TIGER KRX바이오K-뉴 | C6: 99019875 | D6: 0148J0 | E6: TIGER 코리아휴머노이드로봇산업 | F6: 매수 | G6: 정정 | H6: 1000 | I6: 0 | J6: 1000 | K6: 8630 | L6: 8630 | M6: 0.37542824 | N6: 0.37542824 | O6: 체결 | Q6: 4318 | R6: 4318 | S6: 4271 | T6: 0 | U6: 일반 | V6: 0 | W6: 지정가 | X6: 4271 | Z6: 알고리즘 | AA6: 일반
A7: 6 | B7: TIGER KRX바이오K-뉴 | C7: 99019875 | D7: 364970 | E7: TIGER 바이오TOP10 | F7: 매도 | G7: 정정 | H7: 1000 | I7: 0 | J7: 980 | K7: 7265 | L7: 7265 | M7: 0.37543981 | N7: 0.37543981 | O7: 체결 | Q7: 4470 | R7: 4470 | S7: 4211 | T7: 20 | U7: 일반 | V7: 0 | W7: 지정가 | X7: 4211 | Z7: 알고리즘 | AA7: 일반
A8: 7 | B8: TIGER KRX바이오K-뉴 | C8: 99019875 | D8: 307520 | E8: TIGER 지주회사 | F8: 매도 | G8: 정정 | H8: 1000 | I8: 0 | J8: 14 | K8: 22000 | L8: 22000 | M8: 0.37545139 | N8: 0.37545139 | O8: 체결 | Q8: 4762 | R8: 4762 | S8: 4748 | T8: 986 | U8: 일반 | V8: 0 | W8: 지정가 | X8: 4748 | Z8: 알고리즘 | AA8: 일반
A9: 8 | B9: TIGER KRX바이오K-뉴 | C9: 99019875 | D9: 228810 | E9: TIGER 미디어컨텐츠 | F9: 매수 | G9: 정정 | H9: 1000 | I9: 0 | J9: 30 | K9: 3080 | L9: 3080 | M9: 0.37545139 | N9: 0.37553241 | O9: 체결 | Q9: 5067 | R9: 5067 | S9: 4823 | T9: 970 | U9: 일반 | V9: 0 | W9: 지정가 | X9: 4823 | Z9: 알고리즘 | AA9: 일반
A10: 9 | B10: TIGER KRX바이오K-뉴 | C10: 99019875 | D10: 395270 | E10: HANARO Fn K-반도체 | F10: 매도 | G10: 정정 | H10: 1000 | I10: 0 | J10: 1000 | K10: 53880 | L10: 53880 | M10: 0.37546296 | N10: 0.37547454 | O10: 체결 | Q10: 5319 | R10: 5319 | S10: 5291 | T10: 0 | U10: 일반 | V10: 0 | W10: 지정가 | X10: 5291 | Z10: 알고리즘 | AA10: 일반
A11: 10 | B11: TIGER KRX바이오K-뉴 | C11: 99019875 | D11: 261060 | E11: TIGER 코스닥150IT | F11: 매도 | G11: 정정 | H11: 1000 | I11: 0 | J11: 1 | K11: 22180 | L11: 22180 | M11: 0.37546296 | N11: 0.37546296 | O11: 체결 | Q11: 5357 | R11: 5357 | S11: 5355 | T11: 999 | U11: 일반 | V11: 0 | W11: 지정가 | X11: 5355 | Z11: 알고리즘 | AA11: 일반
A12: 11 | B12: TIGER KRX바이오K-뉴 | C12: 99019875 | D12: 138530 | E12: TIGER LG그룹플러스 | F12: 매도 | G12: 정정 | H12: 1000 | I12: 0 | J12: 1 | K12: 12430 | L12: 12430 | M12: 0.37546296 | N12: 0.37546296 | O12: 체결 | Q12: 5413 | R12: 5413 | S12: 5350 | T12: 999 | U12: 일반 | V12: 0 | W12: 지정가 | X12: 5350 | Z12: 알고리즘 | AA12: 일반
A13: 12 | B13: TIGER KRX바이오K-뉴 | C13: 99019875 | D13: 396500 | E13: TIGER 반도체TOP10 | F13: 매수 | G13: 정정 | H13: 1000 | I13: 0 | J13: 1000 | K13: 33990 | L13: 33990 | M13: 0.37550926 | N13: 0.37552083 | O13: 체결 | Q13: 7051 | R13: 7051 | S13: 7044 | T13: 0 | U13: 일반 | V13: 0 | W13: 지정가 | X13: 7044 | Z13: 알고리즘 | AA13: 일반
... A70: 69 | B70: TIGER KRX바이오K-뉴 | C70: 99019875 | D70: 400970 | E70: TIGER Fn메타버스 | F70: 매수 | G70: 정정 | H70: 1000 | I70: 0 | J70: 1 | K70: 7395 | L70: 7395 | M70: 0.37827546 | N70: 0.37832176 | O70: 체결 | Q70: 62389 | R70: 62389 | S70: 62385 | T70: 999 | U70: 일반 | V70: 0 | W70: 지정가 | X70: 62385 | Z70: 알고리즘 | AA70: 일반
A71: 70 | B71: KBSTAR 코스닥150(LP) | C71: 99019421 | D71: 229200 | E71: KODEX 코스닥150 | F71: 매도 | G71: 정정 | H71: 10000 | I71: 0 | J71: 4 | K71: 13450 | L71: 13450 | M71: 0.37836806 | N71: 0.37836806 | O71: 체결 | Q71: 64171 | R71: 64171 | S71: 64081 | T71: 9996 | U71: 일반 | V71: 0 | W71: 지정가 | X71: 64081 | Y71: 신규취소 | Z71: 고속알고리즘 | AA71: 일반
A72: 71 | B72: KBSTAR 코스닥150(LP) | C72: 99019421 | D72: 229200 | E72: KODEX 코스닥150 | F72: 매도 | G72: 정정 | H72: 10000 | I72: 0 | J72: 10000 | K72: 13445 | L72: 13445 | M72: 0.3783912 | N72: 0.37841435 | O72: 체결 | Q72: 64704 | R72: 64704 | S72: 64405 | T72: 0 | U72: 일반 | V72: 0 | W72: 지정가 | X72: 64405 | Y72: 신규취소 | Z72: 고속알고리즘 | AA72: 일반
A73: 72 | B73: KBSTAR 코스닥150(LP) | C73: 99019421 | D73: 229200 | E73: KODEX 코스닥150 | F73: 매도 | G73: 정정 | H73: 10000 | I73: 0 | J73: 10000 | K73: 13450 | L73: 13450 | M73: 0.37840278 | N73: 0.37841435 | O73: 체결 | Q73: 64838 | R73: 64838 | S73: 64823 | T73: 0 | U73: 일반 | V73: 0 | W73: 지정가 | X73: 64823 | Y73: 신규취소 | Z73: 고속알고리즘 | AA73: 일반
A74: 73 | B74: KBSTAR 코스닥150(LP) | C74: 99019421 | D74: 229200 | E74: KODEX 코스닥150 | F74: 매도 | G74: 신규 | H74: 10000 | I74: 0 | J74: 10000 | K74: 13460 | L74: 13460 | M74: 0.37841435 | N74: 0.3784375 | O74: 체결 | Q74: 65093 | R74: 65093 | S74: 0 | T74: 0 | U74: 일반 | V74: 0 | W74: 지정가 | X74: 0 | Y74: 신규취소 | Z74: 고속알고리즘 | AA74: 일반
A75: 74 | B75: KBSTAR 코스닥150(LP) | C75: 99019421 | D75: 229200 | E75: KODEX 코스닥150 | F75: 매도 | G75: 정정 | H75: 10000 | I75: 0 | J75: 69 | K75: 13465 | L75: 13465 | M75: 0.37842593 | N75: 0.37844907 | O75: 체결 | Q75: 65258 | R75: 65258 | S75: 65148 | T75: 9931 | U75: 일반 | V75: 0 | W75: 지정가 | X75: 65148 | Y75: 신규취소 | Z75: 고속알고리즘 | AA75: 일반
A76: 75 | B76: KBSTAR 코스닥150(LP) | C76: 99019421 | D76: 229200 | E76: KODEX 코스닥150 | F76: 매도 | G76: 신규 | H76: 10000 | I76: 0 | J76: 468 | K76: 13470 | L76: 13470 | M76: 0.37844907 | N76: 0.37844907 | O76: 체결 | Q76: 65494 | R76: 65494 | S76: 0 | T76: 9532 | U76: 일반 | V76: 0 | W76: 지정가 | X76: 0 | Y76: 신규취소 | Z76: 고속알고리즘 | AA76: 일반
A77: 76 | B77: TIGER KRX바이오K-뉴 | C77: 99019875 | D77: 471760 | E77: TIGER AI반도체핵심공정 | F77: 매도 | G77: 정정 | H77: 1000 | I77: 0 | J77: 921 | K77: 13865 | L77: 13865 | M77: 0.37844907 | N77: 0.37844907 | O77: 체결 | Q77: 65538 | R77: 65538 | S77: 65523 | T77: 79 | U77: 일반 | V77: 0 | W77: 지정가 | X77: 65523 | Z77: 알고리즘 | AA77: 일반
A78: 77 | B78: TIGER KRX바이오K-뉴 | C78: 99019875 | D78: 0148J0 | E78: TIGER 코리아휴머노이드로봇산업 | F78: 매도 | G78: 정정 | H78: 1000 | I78: 0 | J78: 1000 | K78: 8570 | L78: 8570 | M78: 0.37846065 | N78: 0.37846065 | O78: 체결 | Q78: 65630 | R78: 65630 | S78: 65245 | T78: 0 | U78: 일반 | V78: 0 | W78: 지정가 | X78: 65245 | Z78: 알고리즘 | AA78: 일반
A79: 78 | B79: KBSTAR 코스닥150(LP) | C79: 99019421 | D79: 229200 | E79: KODEX 코스닥150 | F79: 매도 | G79: 정정 | H79: 10000 | I79: 0 | J79: 122 | K79: 13470 | L79: 13470 | M79: 0.37849537 | N79: 0.37849537 | O79: 체결 | Q79: 66531 | R79: 66531 | S79: 65847 | T79: 9878 | U79: 일반 | V79: 0 | W79: 지정가 | X79: 65847 | Y79: 신규취소 | Z79: 고속알고리즘 | AA79: 일반
A80: 79 | B80: KBSTAR 코스닥150(LP) | C80: 99019421 | D80: 229200 | E80: KODEX 코스닥150 | F80: 매도 | G80: 정정 | H80: 10000 | I80: 0 | J80: 1981 | K80: 13450 | L80: 13450 | M80: 0.37850694 | N80: 0.37850694 | O80: 체결 | Q80: 66811 | R80: 66811 | S80: 66757 | T80: 8019 | U80: 일반 | V80: 0 | W80: 지정가 | X80: 66757 | Y80: 신규취소 | Z80: 고속알고리즘 | AA80: 일반
A81: 80 | B81: KBSTAR 코스닥150(LP) | C81: 99019421 | D81: 229200 | E81: KODEX 코스닥150 | F81: 매도 | G81: 정정 | H81: 10000 | I81: 0 | J81: 76 | K81: 13465 | L81: 13465 | M81: 0.37853009 | N81: 0.37855324 | O81: 체결 | Q81: 67323 | R81: 67323 | S81: 67316 | T81: 9924 | U81: 일반 | V81: 0 | W81: 지정가 | X81: 67316 | Y81: 신규취소 | Z81: 고속알고리즘 | AA81: 일반
A82: 81 | B82: KBSTAR 코스닥150(LP) | C82: 99019421 | D82: 229200 | E82: KODEX 코스닥150 | F82: 매도 | G82: 정정 | H82: 10000 | I82: 0 | J82: 10000 | K82: 13460 | L82: 13460 | M82: 0.37854167 | N82: 0.37854167 | O82: 체결 | Q82: 67632 | R82: 67632 | S82: 67558 | T82: 0 | U82: 일반 | V82: 0 | W82: 지정가 | X82: 67558 | Y82: 신규취소 | Z82: 고속알고리즘 | AA82: 일반
A83: 82 | B83: TIGER KRX바이오K-뉴 | C83: 99019875 | D83: 157490 | E83: TIGER 소프트웨어 | F83: 매도 | G83: 정정 | H83: 1000 | I83: 0 | J83: 105 | K83: 8360 | L83: 8360 | M83: 0.37854167 | N83: 0.37855324 | O83: 체결 | Q83: 67683 | R83: 67683 | S83: 67656 | T83: 895 | U83: 일반 | V83: 0 | W83: 지정가 | X83: 67656 | Z83: 알고리즘 | AA83: 일반
A84: 83 | B84: KBSTAR 코스닥150(LP) | C84: 99019421 | D84: 229200 | E84: KODEX 코스닥150 | F84: 매도 | G84: 정정 | H84: 10000 | I84: 0 | J84: 1311 | K84: 13465 | L84: 13465 | M84: 0.37858796 | N84: 0.37859954 | O84: 체결 | Q84: 68470 | R84: 68470 | S84: 68441 | T84: 8689 | U84: 일반 | V84: 0 | W84: 지정가 | X84: 68441 | Y84: 신규취소 | Z84: 고속알고리즘 | AA84: 일반
A85: 84 | B85: TIGER KRX바이오K-뉴 | C85: 99019875 | D85: 0052D0 | E85: TIGER 코리아배당다우존스 | F85: 매도 | G85: 정정 | H85: 1000 | I85: 0 | J85: 1 | K85: 15535 | L85: 15535 | M85: 0.37858796 | N85: 0.37859954 | O85: 체결 | Q85: 68485 | R85: 68485 | S85: 68437 | T85: 999 | U85: 일반 | V85: 0 | W85: 지정가 | X85: 68437 | Z85: 알고리즘 | AA85: 일반
A86: 85 | B86: TIGER KRX바이오K-뉴 | C86: 99019875 | D86: 466940 | E86: TIGER 은행고배당플러스TOP10 | F86: 매도 | G86: 정정 | H86: 1000 | I86: 0 | J86: 1000 | K86: 27000 | L86: 27000 | M86: 0.37862269 | N86: 0.37863426 | O86: 체결 | Q86: 69002 | R86: 69002 | S86: 68951 | T86: 0 | U86: 일반 | V86: 0 | W86: 지정가 | X86: 68951 | Z86: 알고리즘 | AA86: 일반
A87: 86 | B87: KBSTAR 코스닥150(LP) | C87: 99019421 | D87: 229200 | E87: KODEX 코스닥150 | F87: 매도 | G87: 정정 | H87: 10000 | I87: 0 | J87: 10000 | K87: 13465 | L87: 13465 | M87: 0.37862269 | N87: 0.37863426 | O87: 체결 | Q87: 69019 | R87: 69019 | S87: 68968 | T87: 0 | U87: 일반 | V87: 0 | W87: 지정가 | X87: 68968 | Y87: 신규취소 | Z87: 고속알고리즘 | AA87: 일반
A88: 87 | B88: KBSTAR 코스닥150(LP) | C88: 99019421 | D88: 229200 | E88: KODEX 코스닥150 | F88: 매도 | G88: 정정 | H88: 10000 | I88: 0 | J88: 10000 | K88: 13470 | L88: 13470 | M88: 0.3787037 | N88: 0.37876157 | O88: 체결 | Q88: 70820 | R88: 70820 | S88: 70372 | T88: 0 | U88: 일반 | V88: 0 | W88: 지정가 | X88: 70372 | Y88: 신규취소 | Z88: 고속알고리즘 | AA88: 일반
A89: 88 | B89: KBSTAR 코스닥150(LP) | C89: 99019421 | D89: 229200 | E89: KODEX 코스닥150 | F89: 매도 | G89: 정정 | H89: 10000 | I89: 0 | J89: 10000 | K89: 13480 | L89: 13480 | M89: 0.37886574 | N89: 0.37886574 | O89: 체결 | Q89: 73545 | R89: 73545 | S89: 73443 | T89: 0 | U89: 일반 | V89: 0 | W89: 지정가 | X89: 73443 | Y89: 신규취소 | Z89: 고속알고리즘 | AA89: 일반
A90: 89 | B90: TIGER KRX바이오K-뉴 | C90: 99019875 | D90: 0148J0 | E90: TIGER 코리아휴머노이드로봇산업 | F90: 매도 | G90: 정정 | H90: 1000 | I90: 0 | J90: 1000 | K90: 8575 | L90: 8575 | M90: 0.37886574 | N90: 0.37887731 | O90: 체결 | Q90: 73663 | R90: 73663 | S90: 73557 | T90: 0 | U90: 일반 | V90: 0 | W90: 지정가 | X90: 73557 | Z90: 알고리즘 | AA90: 일반
A91: 90 | B91: TIGER KRX바이오K-뉴 | C91: 99019875 | D91: 395270 | E91: HANARO Fn K-반도체 | F91: 매도 | G91: 정정 | H91: 1000 | I91: 0 | J91: 6 | K91: 53765 | L91: 53765 | M91: 0.37886574 | N91: 0.37888889 | O91: 체결 | Q91: 73678 | R91: 73678 | S91: 73658 | T91: 994 | U91: 일반 | V91: 0 | W91: 지정가 | X91: 73658 | Z91: 알고리즘 | AA91: 일반
A92: 91 | B92: TIGER KRX바이오K-뉴 | C92: 99019875 | D92: 157490 | E92: TIGER 소프트웨어 | F92: 매도 | G92: 정정 | H92: 1000 | I92: 0 | J92: 17 | K92: 8355 | L92: 8355 | M92: 0.37899306 | N92: 0.37899306 | O92: 체결 | Q92: 76069 | R92: 76069 | S92: 75549 | T92: 983 | U92: 일반 | V92: 0 | W92: 지정가 | X92: 75549 | Z92: 알고리즘 | AA92: 일반
A93: 92 | B93: TIGER KRX바이오K-뉴 | C93: 99019875 | D93: 0052D0 | E93: TIGER 코리아배당다우존스 | F93: 매수 | G93: 정정 | H93: 1000 | I93: 0 | J93: 22 | K93: 15515 | L93: 15515 | M93: 0.3790162 | N93: 0.37902778 | O93: 체결 | Q93: 76857 | R93: 76857 | S93: 76773 | T93: 978 | U93: 일반 | V93: 0 | W93: 지정가 | X93: 76773 | Z93: 알고리즘 | AA93: 일반
A94: 93 | B94: KBSTAR 코스닥150(LP) | C94: 99019421 | D94: 229200 | E94: KODEX 코스닥150 | F94: 매도 | G94: 정정 | H94: 10000 | I94: 0 | J94: 2592 | K94: 13465 | L94: 13465 | M94: 0.37902778 | N94: 0.37905093 | O94: 체결 | Q94: 77156 | R94: 77156 | S94: 76696 | T94: 7408 | U94: 일반 | V94: 0 | W94: 지정가 | X94: 76696 | Y94: 신규취소 | Z94: 고속알고리즘 | AA94: 일반
A95: 94 | B95: KBSTAR 코스닥150(LP) | C95: 99019421 | D95: 229200 | E95: KODEX 코스닥150 | F95: 매도 | G95: 정정 | H95: 10000 | I95: 0 | J95: 10000 | K95: 13460 | L95: 13460 | M95: 0.37902778 | N95: 0.37903935 | O95: 체결 | Q95: 77237 | R95: 77237 | S95: 77090 | T95: 0 | U95: 일반 | V95: 0 | W95: 지정가 | X95: 77090 | Y95: 신규취소 | Z95: 고속알고리즘 | AA95: 일반
A96: 95 | B96: KBSTAR 코스닥150(LP) | C96: 99019421 | D96: 229200 | E96: KODEX 코스닥150 | F96: 매도 | G96: 정정 | H96: 10000 | I96: 0 | J96: 10000 | K96: 13455 | L96: 13455 | M96: 0.3791088 | N96: 0.37914352 | O96: 체결 | Q96: 79016 | R96: 79016 | S96: 78095 | T96: 0 | U96: 일반 | V96: 0 | W96: 지정가 | X96: 78095 | Y96: 신규취소 | Z96: 고속알고리즘 | AA96: 일반
A97: 96 | B97: KBSTAR 코스닥150(LP) | C97: 99019421 | D97: 229200 | E97: KODEX 코스닥150 | F97: 매도 | G97: 정정 | H97: 10000 | I97: 0 | J97: 2516 | K97: 13450 | L97: 13450 | M97: 0.37913194 | N97: 0.37913194 | O97: 체결 | Q97: 79225 | R97: 79225 | S97: 79212 | T97: 7484 | U97: 일반 | V97: 0 | W97: 지정가 | X97: 79212 | Y97: 신규취소 | Z97: 고속알고리즘 | AA97: 일반
A98: 97 | B98: KBSTAR 코스닥150(LP) | C98: 99019421 | D98: 229200 | E98: KODEX 코스닥150 | F98: 매도 | G98: 정정 | H98: 10000 | I98: 0 | J98: 690 | K98: 13445 | L98: 13445 | M98: 0.37921296 | N98: 0.37922454 | O98: 체결 | Q98: 81213 | R98: 81213 | S98: 80841 | T98: 9310 | U98: 일반 | V98: 0 | W98: 지정가 | X98: 80841 | Y98: 신규취소 | Z98: 고속알고리즘 | AA98: 일반
A99: 98 | B99: KBSTAR 코스닥150(LP) | C99: 99019421 | D99: 229200 | E99: KODEX 코스닥150 | F99: 매도 | G99: 정정 | H99: 10000 | I99: 0 | J99: 10000 | K99: 13435 | L99: 13435 | M99: 0.37922454 | N99: 0.37923611 | O99: 체결 | Q99: 81544 | R99: 81544 | S99: 81495 | T99: 0 | U99: 일반 | V99: 0 | W99: 지정가 | X99: 81495 | Y99: 신규취소 | Z99: 고속알고리즘 | AA99: 일반
A100: 99 | B100: KBSTAR 코스닥150(LP) | C100: 99019421 | D100: 229200 | E100: KODEX 코스닥150 | F100: 매도 | G100: 정정 | H100: 10000 | I100: 0 | J100: 980 | K100: 13435 | L100: 13435 | M100: 0.37924769 | N100: 0.37924769 | O100: 체결 | Q100: 81947 | R100: 81947 | S100: 81872 | T100: 9020 | U100: 일반 | V100: 0 | W100: 지정가 | X100: 81872 | Y100: 신규취소 | Z100: 고속알고리즘 | AA100: 일반
A101: 100 | B101: KBSTAR 코스닥150(LP) | C101: 99019421 | D101: 229200 | E101: KODEX 코스닥150 | F101: 매도 | G101: 신규 | H101: 10000 | I101: 0 | J101: 1003 | K101: 13445 | L101: 13445 | M101: 0.37925926 | N101: 0.37927083 | O101: 체결 | Q101: 82267 | R101: 82267 | S101: 0 | T101: 8997 | U101: 일반 | V101: 0 | W101: 지정가 | X101: 0 | Y101: 신규취소 | Z101: 고속알고리즘 | AA101: 일반
A102: 101 | B102: KBSTAR 코스닥150(LP) | C102: 99019421 | D102: 229200 | E102: KODEX 코스닥150 | F102: 매도 | G102: 신규 | H102: 10000 | I102: 0 | J102: 8403 | K102: 13440 | L102: 13440 | M102: 0.37925926 | N102: 0.37925926 | O102: 체결 | Q102: 82285 | R102: 82285 | S102: 0 | T102: 1597 | U102: 일반 | V102: 0 | W102: 지정가 | X102: 0 | Y102: 신규취소 | Z102: 고속알고리즘 | AA102: 일반
A103: 102 | B103: KBSTAR 코스닥150(LP) | C103: 99019421 | D103: 229200 | E103: KODEX 코스닥150 | F103: 매도 | G103: 정정 | H103: 10000 | I103: 0 | J103: 2 | K103: 13445 | L103: 13445 | M103: 0.37928241 | N103: 0.37929398 | O103: 체결 | Q103: 82845 | R103: 82845 | S103: 82732 | T103: 9998 | U103: 일반 | V103: 0 | W103: 지정가 | X103: 82732 | Y103: 신규취소 | Z103: 고속알고리즘 | AA103: 일반
A104: 103 | B104: KBSTAR 코스닥150(LP) | C104: 99019421 | D104: 229200 | E104: KODEX 코스닥150 | F104: 매도 | G104: 신규 | H104: 10000 | I104: 0 | J104: 10000 | K104: 13445 | L104: 13445 | M104: 0.37930556 | N104: 0.37931713 | O104: 체결 | Q104: 83365 | R104: 83365 | S104: 0 | T104: 0 | U104: 일반 | V104: 0 | W104: 지정가 | X104: 0 | Y104: 신규취소 | Z104: 고속알고리즘 | AA104: 일반
A105: 104 | B105: KBSTAR 코스닥150(LP) | C105: 99019421 | D105: 229200 | E105: KODEX 코스닥150 | F105: 매도 | G105: 신규 | H105: 10000 | I105: 0 | J105: 10000 | K105: 13440 | L105: 13440 | M105: 0.37930556 | N105: 0.37930556 | O105: 체결 | Q105: 83371 | R105: 83371 | S105: 0 | T105: 0 | U105: 일반 | V105: 0 | W105: 지정가 | X105: 0 | Y105: 신규취소 | Z105: 고속알고리즘 | AA105: 일반
... A109: 108 | B109: KBSTAR 코스닥150(LP) | C109: 99019421 | D109: 229200 | E109: KODEX 코스닥150 | F109: 매도 | G109: 정정 | H109: 10000 | I109: 0 | J109: 10000 | K109: 13450 | L109: 13450 | M109: 0.37939815 | N109: 0.37940972 | O109: 체결 | Q109: 85690 | R109: 85690 | S109: 85612 | T109: 0 | U109: 일반 | V109: 0 | W109: 지정가 | X109: 85612 | Y109: 신규취소 | Z109: 고속알고리즘 | AA109: 일반
A110: 109 | B110: TIGER KRX바이오K-뉴 | C110: 99019875 | D110: 0052D0 | E110: TIGER 코리아배당다우존스 | F110: 매수 | G110: 정정 | H110: 1000 | I110: 0 | J110: 12 | K110: 15525 | L110: 15525 | M110: 0.37944444 | N110: 0.37945602 | O110: 체결 | Q110: 86621 | R110: 86621 | S110: 86321 | T110: 988 | U110: 일반 | V110: 0 | W110: 지정가 | X110: 86321 | Z110: 알고리즘 | AA110: 일반
A111: 110 | B111: KBSTAR 코스닥150(LP) | C111: 99019421 | D111: 229200 | E111: KODEX 코스닥150 | F111: 매도 | G111: 정정 | H111: 10000 | I111: 0 | J111: 503 | K111: 13455 | L111: 13455 | M111: 0.37946759 | N111: 0.37949074 | O111: 체결 | Q111: 87023 | R111: 87023 | S111: 86997 | T111: 9497 | U111: 일반 | V111: 0 | W111: 지정가 | X111: 86997 | Y111: 신규취소 | Z111: 고속알고리즘 | AA111: 일반
A112: 111 | B112: TIGER KRX바이오K-뉴 | C112: 99019875 | D112: 364980 | E112: TIGER 2차전지TOP10 | F112: 매도 | G112: 정정 | H112: 1000 | I112: 0 | J112: 1000 | K112: 10525 | L112: 10525 | M112: 0.37949074 | N112: 0.37949074 | O112: 체결 | Q112: 87358 | R112: 87358 | S112: 87176 | T112: 0 | U112: 일반 | V112: 0 | W112: 지정가 | X112: 87176 | Z112: 알고리즘 | AA112: 일반
A113: 112 | B113: KBSTAR 코스닥150(LP) | C113: 99019421 | D113: 229200 | E113: KODEX 코스닥150 | F113: 매도 | G113: 신규 | H113: 10000 | I113: 0 | J113: 10000 | K113: 13445 | L113: 13445 | M113: 0.37950231 | N113: 0.37950231 | O113: 체결 | Q113: 87727 | R113: 87727 | S113: 0 | T113: 0 | U113: 일반 | V113: 0 | W113: 지정가 | X113: 0 | Y113: 신규취소 | Z113: 고속알고리즘 | AA113: 일반
A114: 113 | B114: KBSTAR 코스닥150(LP) | C114: 99019421 | D114: 229200 | E114: KODEX 코스닥150 | F114: 매도 | G114: 신규 | H114: 10000 | I114: 0 | J114: 10000 | K114: 13445 | L114: 13445 | M114: 0.37951389 | N114: 0.37952546 | O114: 체결 | Q114: 88025 | R114: 88025 | S114: 0 | T114: 0 | U114: 일반 | V114: 0 | W114: 지정가 | X114: 0 | Y114: 신규취소 | Z114: 고속알고리즘 | AA114: 일반
A115: 114 | B115: KBSTAR 코스닥150(LP) | C115: 99019421 | D115: 229200 | E115: KODEX 코스닥150 | F115: 매도 | G115: 정정 | H115: 10000 | I115: 0 | J115: 114 | K115: 13450 | L115: 13450 | M115: 0.37956019 | N115: 0.37957176 | O115: 체결 | Q115: 88996 | R115: 88996 | S115: 88644 | T115: 9886 | U115: 일반 | V115: 0 | W115: 지정가 | X115: 88644 | Y115: 신규취소 | Z115: 고속알고리즘 | AA115: 일반
A116: 115 | B116: KBSTAR 코스닥150(LP) | C116: 99019421 | D116: 229200 | E116: KODEX 코스닥150 | F116: 매도 | G116: 정정 | H116: 10000 | I116: 0 | J116: 2254 | K116: 13445 | L116: 13445 | M116: 0.37957176 | N116: 0.37957176 | O116: 체결 | Q116: 89279 | R116: 89279 | S116: 89237 | T116: 7746 | U116: 일반 | V116: 0 | W116: 지정가 | X116: 89237 | Y116: 신규취소 | Z116: 고속알고리즘 | AA116: 일반
A117: 116 | B117: KBSTAR 코스닥150(LP) | C117: 99019421 | D117: 229200 | E117: KODEX 코스닥150 | F117: 매도 | G117: 정정 | H117: 10000 | I117: 0 | J117: 94 | K117: 13450 | L117: 13450 | M117: 0.37960648 | N117: 0.37960648 | O117: 체결 | Q117: 89848 | R117: 89848 | S117: 89783 | T117: 9906 | U117: 일반 | V117: 0 | W117: 지정가 | X117: 89783 | Y117: 신규취소 | Z117: 고속알고리즘 | AA117: 일반
A118: 117 | B118: KBSTAR 코스닥150(LP) | C118: 99019421 | D118: 229200 | E118: KODEX 코스닥150 | F118: 매도 | G118: 정정 | H118: 10000 | I118: 0 | J118: 10000 | K118: 13445 | L118: 13445 | M118: 0.37961806 | N118: 0.37962963 | O118: 체결 | Q118: 90330 | R118: 90330 | S118: 90328 | T118: 0 | U118: 일반 | V118: 0 | W118: 지정가 | X118: 90328 | Y118: 신규취소 | Z118: 고속알고리즘 | AA118: 일반
A119: 118 | B119: KBSTAR 코스닥150(LP) | C119: 99019421 | D119: 229200 | E119: KODEX 코스닥150 | F119: 매도 | G119: 신규 | H119: 10000 | I119: 0 | J119: 10000 | K119: 13450 | L119: 13450 | M119: 0.3796412 | N119: 0.37965278 | O119: 체결 | Q119: 90708 | R119: 90708 | S119: 0 | T119: 0 | U119: 일반 | V119: 0 | W119: 지정가 | X119: 0 | Y119: 신규취소 | Z119: 고속알고리즘 | AA119: 일반
A120: 119 | B120: KBSTAR 코스닥150(LP) | C120: 99019421 | D120: 229200 | E120: KODEX 코스닥150 | F120: 매도 | G120: 정정 | H120: 10000 | I120: 0 | J120: 10000 | K120: 13455 | L120: 13455 | M120: 0.3796412 | N120: 0.37966435 | O120: 체결 | Q120: 90806 | R120: 90806 | S120: 90729 | T120: 0 | U120: 일반 | V120: 0 | W120: 지정가 | X120: 90729 | Y120: 신규취소 | Z120: 고속알고리즘 | AA120: 일반
A121: 120 | B121: KBSTAR 코스닥150(LP) | C121: 99019421 | D121: 229200 | E121: KODEX 코스닥150 | F121: 매도 | G121: 정정 | H121: 10000 | I121: 0 | J121: 4349 | K121: 13450 | L121: 13450 | M121: 0.37965278 | N121: 0.37965278 | O121: 체결 | Q121: 91116 | R121: 91116 | S121: 91031 | T121: 5651 | U121: 일반 | V121: 0 | W121: 지정가 | X121: 91031 | Y121: 신규취소 | Z121: 고속알고리즘 | AA121: 일반
A122: 121 | B122: KBSTAR 코스닥150(LP) | C122: 99019421 | D122: 229200 | E122: KODEX 코스닥150 | F122: 매도 | G122: 정정 | H122: 10000 | I122: 0 | J122: 3133 | K122: 13455 | L122: 13455 | M122: 0.37971065 | N122: 0.37972222 | O122: 체결 | Q122: 92327 | R122: 92327 | S122: 92147 | T122: 6867 | U122: 일반 | V122: 0 | W122: 지정가 | X122: 92147 | Y122: 신규취소 | Z122: 고속알고리즘 | AA122: 일반
A123: 122 | B123: KBSTAR 코스닥150(LP) | C123: 99019421 | D123: 229200 | E123: KODEX 코스닥150 | F123: 매도 | G123: 정정 | H123: 10000 | I123: 0 | J123: 10000 | K123: 13450 | L123: 13450 | M123: 0.37972222 | N123: 0.3797338 | O123: 체결 | Q123: 92829 | R123: 92829 | S123: 92671 | T123: 0 | U123: 일반 | V123: 0 | W123: 지정가 | X123: 92671 | Y123: 신규취소 | Z123: 고속알고리즘 | AA123: 일반
A124: 123 | B124: KBSTAR 코스닥150(LP) | C124: 99019421 | D124: 229200 | E124: KODEX 코스닥150 | F124: 매도 | G124: 정정 | H124: 10000 | I124: 0 | J124: 10000 | K124: 13440 | L124: 13440 | M124: 0.37974537 | N124: 0.37974537 | O124: 체결 | Q124: 93389 | R124: 93389 | S124: 93212 | T124: 0 | U124: 일반 | V124: 0 | W124: 지정가 | X124: 93212 | Y124: 신규취소 | Z124: 고속알고리즘 | AA124: 일반
A125: 124 | B125: TIGER KRX바이오K-뉴 | C125: 99019875 | D125: 228800 | E125: TIGER 여행레저 | F125: 매도 | G125: 정정 | H125: 1000 | I125: 0 | J125: 26 | K125: 2685 | L125: 2685 | M125: 0.37974537 | N125: 0.37982639 | O125: 체결 | Q125: 93527 | R125: 93527 | S125: 93500 | T125: 974 | U125: 일반 | V125: 0 | W125: 지정가 | X125: 93500 | Z125: 알고리즘 | AA125: 일반
A126: 125 | B126: KBSTAR 코스닥150(LP) | C126: 99019421 | D126: 229200 | E126: KODEX 코스닥150 | F126: 매도 | G126: 정정 | H126: 10000 | I126: 0 | J126: 10000 | K126: 13440 | L126: 13440 | M126: 0.37975694 | N126: 0.37976852 | O126: 체결 | Q126: 93791 | R126: 93791 | S126: 93659 | T126: 0 | U126: 일반 | V126: 0 | W126: 지정가 | X126: 93659 | Y126: 신규취소 | Z126: 고속알고리즘 | AA126: 일반
A127: 126 | B127: KBSTAR 코스닥150(LP) | C127: 99019421 | D127: 229200 | E127: KODEX 코스닥150 | F127: 매도 | G127: 정정 | H127: 10000 | I127: 0 | J127: 10000 | K127: 13440 | L127: 13440 | M127: 0.37978009 | N127: 0.37978009 | O127: 체결 | Q127: 94123 | R127: 94123 | S127: 94062 | T127: 0 | U127: 일반 | V127: 0 | W127: 지정가 | X127: 94062 | Y127: 신규취소 | Z127: 고속알고리즘 | AA127: 일반
A128: 127 | B128: TIGER KRX바이오K-뉴 | C128: 99019875 | D128: 228790 | E128: TIGER 화장품 | F128: 매도 | G128: 정정 | H128: 1000 | I128: 0 | J128: 1000 | K128: 4760 | L128: 4760 | M128: 0.37978009 | N128: 0.37984954 | O128: 체결 | Q128: 94168 | R128: 94168 | S128: 93849 | T128: 0 | U128: 일반 | V128: 0 | W128: 지정가 | X128: 93849 | Z128: 알고리즘 | AA128: 일반
A129: 128 | B129: KBSTAR 코스닥150(LP) | C129: 99019421 | D129: 229200 | E129: KODEX 코스닥150 | F129: 매도 | G129: 정정 | H129: 10000 | I129: 0 | J129: 10000 | K129: 13440 | L129: 13440 | M129: 0.37980324 | N129: 0.37980324 | O129: 체결 | Q129: 94497 | R129: 94497 | S129: 94365 | T129: 0 | U129: 일반 | V129: 0 | W129: 지정가 | X129: 94365 | Y129: 신규취소 | Z129: 고속알고리즘 | AA129: 일반
A130: 129 | B130: KBSTAR 코스닥150(LP) | C130: 99019421 | D130: 229200 | E130: KODEX 코스닥150 | F130: 매도 | G130: 신규 | H130: 10000 | I130: 0 | J130: 10000 | K130: 13450 | L130: 13450 | M130: 0.37981481 | N130: 0.37982639 | O130: 체결 | Q130: 94740 | R130: 94740 | S130: 0 | T130: 0 | U130: 일반 | V130: 0 | W130: 지정가 | X130: 0 | Y130: 신규취소 | Z130: 고속알고리즘 | AA130: 일반
A131: 130 | B131: KBSTAR 코스닥150(LP) | C131: 99019421 | D131: 229200 | E131: KODEX 코스닥150 | F131: 매도 | G131: 정정 | H131: 10000 | I131: 0 | J131: 10000 | K131: 13455 | L131: 13455 | M131: 0.37981481 | N131: 0.37982639 | O131: 체결 | Q131: 94826 | R131: 94826 | S131: 94744 | T131: 0 | U131: 일반 | V131: 0 | W131: 지정가 | X131: 94744 | Y131: 신규취소 | Z131: 고속알고리즘 | AA131: 일반
A132: 131 | B132: TIGER KRX바이오K-뉴 | C132: 99019875 | D132: 0148J0 | E132: TIGER 코리아휴머노이드로봇산업 | F132: 매도 | G132: 정정 | H132: 1000 | I132: 0 | J132: 10 | K132: 8595 | L132: 8595 | M132: 0.38027778 | N132: 0.38055556 | O132: 체결 | Q132: 103711 | R132: 103711 | S132: 103697 | T132: 990 | U132: 일반 | V132: 0 | W132: 지정가 | X132: 103697 | Z132: 알고리즘 | AA132: 일반
A133: 132 | B133: TIGER KRX바이오K-뉴 | C133: 99019875 | D133: 157490 | E133: TIGER 소프트웨어 | F133: 매도 | G133: 정정 | H133: 1000 | I133: 0 | J133: 115 | K133: 8345 | L133: 8345 | M133: 0.3803125 | N133: 0.38032407 | O133: 체결 | Q133: 104483 | R133: 104483 | S133: 104453 | T133: 885 | U133: 일반 | V133: 0 | W133: 지정가 | X133: 104453 | Z133: 알고리즘 | AA133: 일반
A134: 133 | B134: KBSTAR 코스닥150(LP) | C134: 99019421 | D134: 229200 | E134: KODEX 코스닥150 | F134: 매도 | G134: 정정 | H134: 10000 | I134: 0 | J134: 10 | K134: 13495 | L134: 13495 | M134: 0.38042824 | N134: 0.38042824 | O134: 체결 | Q134: 106622 | R134: 106622 | S134: 106010 | T134: 9990 | U134: 일반 | V134: 0 | W134: 지정가 | X134: 106010 | Y134: 신규취소 | Z134: 고속알고리즘 | AA134: 일반
A135: 134 | B135: TIGER KRX바이오K-뉴 | C135: 99019875 | D135: 228790 | E135: TIGER 화장품 | F135: 매수 | G135: 정정 | H135: 1000 | I135: 0 | J135: 1000 | K135: 4790 | L135: 4790 | M135: 0.38049769 | N135: 0.38054398 | O135: 체결 | Q135: 108171 | R135: 108171 | S135: 108146 | T135: 0 | U135: 일반 | V135: 0 | W135: 지정가 | X135: 108146 | Z135: 알고리즘 | AA135: 일반
A136: 135 | B136: KBSTAR 코스닥150(LP) | C136: 99019421 | D136: 229200 | E136: KODEX 코스닥150 | F136: 매도 | G136: 정정 | H136: 10000 | I136: 0 | J136: 10000 | K136: 13485 | L136: 13485 | M136: 0.38071759 | N136: 0.38071759 | O136: 체결 | Q136: 112299 | R136: 112299 | S136: 112298 | T136: 0 | U136: 일반 | V136: 0 | W136: 지정가 | X136: 112298 | Y136: 신규취소 | Z136: 고속알고리즘 | AA136: 일반
A137: 136 | B137: KBSTAR 코스닥150(LP) | C137: 99019421 | D137: 229200 | E137: KODEX 코스닥150 | F137: 매도 | G137: 정정 | H137: 10000 | I137: 0 | J137: 2122 | K137: 13470 | L137: 13470 | M137: 0.38078704 | N137: 0.38081019 | O137: 체결 | Q137: 113913 | R137: 113913 | S137: 113842 | T137: 7878 | U137: 일반 | V137: 0 | W137: 지정가 | X137: 113842 | Y137: 신규취소 | Z137: 고속알고리즘 | AA137: 일반
A138: 137 | B138: KBSTAR 코스닥150(LP) | C138: 99019421 | D138: 229200 | E138: KODEX 코스닥150 | F138: 매도 | G138: 정정 | H138: 10000 | I138: 0 | J138: 10 | K138: 13470 | L138: 13470 | M138: 0.38084491 | N138: 0.38086806 | O138: 체결 | Q138: 115012 | R138: 115012 | S138: 114980 | T138: 9990 | U138: 일반 | V138: 0 | W138: 지정가 | X138: 114980 | Y138: 신규취소 | Z138: 고속알고리즘 | AA138: 일반
A139: 138 | B139: KBSTAR 코스닥150(LP) | C139: 99019421 | D139: 229200 | E139: KODEX 코스닥150 | F139: 매도 | G139: 정정 | H139: 10000 | I139: 0 | J139: 10000 | K139: 13465 | L139: 13465 | M139: 0.38084491 | N139: 0.38086806 | O139: 체결 | Q139: 115062 | R139: 115062 | S139: 115061 | T139: 0 | U139: 일반 | V139: 0 | W139: 지정가 | X139: 115061 | Y139: 신규취소 | Z139: 고속알고리즘 | AA139: 일반
A140: 139 | B140: KBSTAR 코스닥150(LP) | C140: 99019421 | D140: 229200 | E140: KODEX 코스닥150 | F140: 매도 | G140: 정정 | H140: 10000 | I140: 0 | J140: 10000 | K140: 13465 | L140: 13465 | M140: 0.38092593 | N140: 0.38092593 | O140: 체결 | Q140: 116376 | R140: 116376 | S140: 116312 | T140: 0 | U140: 일반 | V140: 0 | W140: 지정가 | X140: 116312 | Y140: 신규취소 | Z140: 고속알고리즘 | AA140: 일반
A141: 140 | B141: TIGER KRX바이오K-뉴 | C141: 99019875 | D141: 0052D0 | E141: TIGER 코리아배당다우존스 | F141: 매수 | G141: 정정 | H141: 1000 | I141: 0 | J141: 7 | K141: 15515 | L141: 15515 | M141: 0.3809375 | N141: 0.3809375 | O141: 체결 | Q141: 116548 | R141: 116548 | S141: 116540 | T141: 993 | U141: 일반 | V141: 0 | W141: 지정가 | X141: 116540 | Z141: 알고리즘 | AA141: 일반
A142: 141 | B142: KBSTAR 코스닥150(LP) | C142: 99019421 | D142: 229200 | E142: KODEX 코스닥150 | F142: 매도 | G142: 정정 | H142: 10000 | I142: 0 | J142: 10000 | K142: 13470 | L142: 13470 | M142: 0.38094907 | N142: 0.38097222 | O142: 체결 | Q142: 116839 | R142: 116839 | S142: 116698 | T142: 0 | U142: 일반 | V142: 0 | W142: 지정가 | X142: 116698 | Y142: 신규취소 | Z142: 고속알고리즘 | AA142: 일반
A143: 142 | B143: TIGER KRX바이오K-뉴 | C143: 99019875 | D143: 0148J0 | E143: TIGER 코리아휴머노이드로봇산업 | F143: 매도 | G143: 정정 | H143: 1000 | I143: 0 | J143: 1000 | K143: 8585 | L143: 8585 | M143: 0.38144676 | N143: 0.38150463 | O143: 체결 | Q143: 125993 | R143: 125993 | S143: 123944 | T143: 0 | U143: 일반 | V143: 0 | W143: 지정가 | X143: 123944 | Z143: 알고리즘 | AA143: 일반
A144: 143 | B144: TIGER KRX바이오K-뉴 | C144: 99019875 | D144: 494670 | E144: TIGER 조선TOP10 | F144: 매도 | G144: 정정 | H144: 1000 | I144: 0 | J144: 1000 | K144: 21160 | L144: 21160 | M144: 0.38153935 | N144: 0.38153935 | O144: 체결 | Q144: 127980 | R144: 127980 | S144: 127879 | T144: 0 | U144: 일반 | V144: 0 | W144: 지정가 | X144: 127879 | Z144: 알고리즘 | AA144: 일반
A145: 144 | B145: TIGER KRX바이오K-뉴 | C145: 99019875 | D145: 364980 | E145: TIGER 2차전지TOP10 | F145: 매도 | G145: 정정 | H145: 1000 | I145: 0 | J145: 7 | K145: 10490 | L145: 10490 | M145: 0.3815625 | N145: 0.3815625 | O145: 체결 | Q145: 128574 | R145: 128574 | S145: 128546 | T145: 993 | U145: 일반 | V145: 0 | W145: 지정가 | X145: 128546 | Z145: 알고리즘 | AA145: 일반
A146: 145 | B146: KBSTAR 코스닥150(LP) | C146: 99019421 | D146: 229200 | E146: KODEX 코스닥150 | F146: 매도 | G146: 정정 | H146: 10000 | I146: 0 | J146: 2713 | K146: 13530 | L146: 13530 | M146: 0.38186343 | N146: 0.3819213 | O146: 체결 | Q146: 134607 | R146: 134607 | S146: 133900 | T146: 7287 | U146: 일반 | V146: 0 | W146: 지정가 | X146: 133900 | Y146: 신규취소 | Z146: 고속알고리즘 | AA146: 일반
A147: 146 | B147: KBSTAR 코스닥150(LP) | C147: 99019421 | D147: 229200 | E147: KODEX 코스닥150 | F147: 매도 | G147: 정정 | H147: 10000 | I147: 0 | J147: 100 | K147: 13510 | L147: 13510 | M147: 0.38194444 | N147: 0.38195602 | O147: 체결 | Q147: 136580 | R147: 136580 | S147: 136023 | T147: 9900 | U147: 일반 | V147: 0 | W147: 지정가 | X147: 136023 | Y147: 신규취소 | Z147: 고속알고리즘 | AA147: 일반
A148: 147 | B148: KBSTAR 코스닥150(LP) | C148: 99019421 | D148: 229200 | E148: KODEX 코스닥150 | F148: 매도 | G148: 정정 | H148: 10000 | I148: 0 | J148: 10000 | K148: 13505 | L148: 13505 | M148: 0.38202546 | N148: 0.38202546 | O148: 체결 | Q148: 138480 | R148: 138480 | S148: 137550 | T148: 0 | U148: 일반 | V148: 0 | W148: 지정가 | X148: 137550 | Y148: 신규취소 | Z148: 고속알고리즘 | AA148: 일반
A149: 148 | B149: TIGER KRX바이오K-뉴 | C149: 99019875 | D149: 0148J0 | E149: TIGER 코리아휴머노이드로봇산업 | F149: 매도 | G149: 정정 | H149: 1000 | I149: 0 | J149: 1000 | K149: 8600 | L149: 8600 | M149: 0.38206019 | N149: 0.38206019 | O149: 체결 | Q149: 139215 | R149: 139215 | S149: 139023 | T149: 0 | U149: 일반 | V149: 0 | W149: 지정가 | X149: 139023 | Z149: 알고리즘 | AA149: 일반
A150: 149 | B150: KBSTAR 코스닥150(LP) | C150: 99019421 | D150: 229200 | E150: KODEX 코스닥150 | F150: 매도 | G150: 정정 | H150: 10000 | I150: 0 | J150: 1566 | K150: 13500 | L150: 13500 | M150: 0.38208333 | N150: 0.38209491 | O150: 체결 | Q150: 139415 | R150: 139415 | S150: 139375 | T150: 8434 | U150: 일반 | V150: 0 | W150: 지정가 | X150: 139375 | Y150: 신규취소 | Z150: 고속알고리즘 | AA150: 일반
A151: 150 | B151: KBSTAR 코스닥150(LP) | C151: 99019421 | D151: 229200 | E151: KODEX 코스닥150 | F151: 매도 | G151: 정정 | H151: 10000 | I151: 0 | J151: 11 | K151: 13500 | L151: 13500 | M151: 0.38212963 | N151: 0.3821412 | O151: 체결 | Q151: 140468 | R151: 140468 | S151: 140369 | T151: 9989 | U151: 일반 | V151: 0 | W151: 지정가 | X151: 140369 | Y151: 신규취소 | Z151: 고속알고리즘 | AA151: 일반
A152: 151 | B152: TIGER KRX바이오K-뉴 | C152: 99019875 | D152: 364980 | E152: TIGER 2차전지TOP10 | F152: 매도 | G152: 정정 | H152: 1000 | I152: 0 | J152: 25 | K152: 10520 | L152: 10520 | M152: 0.38248843 | N152: 0.38251157 | O152: 체결 | Q152: 147499 | R152: 147499 | S152: 147325 | T152: 975 | U152: 일반 | V152: 0 | W152: 지정가 | X152: 147325 | Z152: 알고리즘 | AA152: 일반
A153: 152 | B153: KBSTAR 코스닥150(LP) | C153: 99019421 | D153: 229200 | E153: KODEX 코스닥150 | F153: 매도 | G153: 정정 | H153: 10000 | I153: 0 | J153: 10000 | K153: 13550 | L153: 13550 | M153: 0.38253472 | N153: 0.38259259 | O153: 체결 | Q153: 148394 | R153: 148394 | S153: 148337 | T153: 0 | U153: 일반 | V153: 0 | W153: 지정가 | X153: 148337 | Y153: 신규취소 | Z153: 고속알고리즘 | AA153: 일반
A154: 153 | B154: KBSTAR 코스닥150(LP) | C154: 99019421 | D154: 229200 | E154: KODEX 코스닥150 | F154: 매도 | G154: 정정 | H154: 10000 | I154: 0 | J154: 1780 | K154: 13545 | L154: 13545 | M154: 0.38256944 | N154: 0.38258102 | O154: 체결 | Q154: 149511 | R154: 149511 | S154: 149028 | T154: 8220 | U154: 일반 | V154: 0 | W154: 지정가 | X154: 149028 | Y154: 신규취소 | Z154: 고속알고리즘 | AA154: 일반
A155: 154 | B155: KBSTAR 코스닥150(LP) | C155: 99019421 | D155: 229200 | E155: KODEX 코스닥150 | F155: 매도 | G155: 정정 | H155: 10000 | I155: 0 | J155: 481 | K155: 13540 | L155: 13540 | M155: 0.38265046 | N155: 0.38268519 | O155: 체결 | Q155: 152266 | R155: 152266 | S155: 152262 | T155: 9519 | U155: 일반 | V155: 0 | W155: 지정가 | X155: 152262 | Y155: 신규취소 | Z155: 고속알고리즘 | AA155: 일반
A156: 155 | B156: KBSTAR 코스닥150(LP) | C156: 99019421 | D156: 229200 | E156: KODEX 코스닥150 | F156: 매도 | G156: 정정 | H156: 10000 | I156: 0 | J156: 10000 | K156: 13540 | L156: 13540 | M156: 0.38269676 | N156: 0.38270833 | O156: 체결 | Q156: 153147 | R156: 153147 | S156: 152729 | T156: 0 | U156: 일반 | V156: 0 | W156: 지정가 | X156: 152729 | Y156: 신규취소 | Z156: 고속알고리즘 | AA156: 일반
A157: 156 | B157: KBSTAR 코스닥150(LP) | C157: 99019421 | D157: 229200 | E157: KODEX 코스닥150 | F157: 매도 | G157: 신규 | H157: 10000 | I157: 0 | J157: 7155 | K157: 13560 | L157: 13560 | M157: 0.38280093 | N157: 0.38280093 | O157: 체결 | Q157: 155860 | R157: 155860 | S157: 0 | T157: 2845 | U157: 일반 | V157: 0 | W157: 지정가 | X157: 0 | Y157: 신규취소 | Z157: 고속알고리즘 | AA157: 일반
A158: 157 | B158: KBSTAR 코스닥150(LP) | C158: 99019421 | D158: 229200 | E158: KODEX 코스닥150 | F158: 매도 | G158: 정정 | H158: 10000 | I158: 0 | J158: 2005 | K158: 13565 | L158: 13565 | M158: 0.38291667 | N158: 0.38295139 | O158: 체결 | Q158: 157617 | R158: 157617 | S158: 157615 | T158: 7995 | U158: 일반 | V158: 0 | W158: 지정가 | X158: 157615 | Y158: 신규취소 | Z158: 고속알고리즘 | AA158: 일반
A159: 158 | B159: TIGER KRX바이오K-뉴 | C159: 99019875 | D159: 0052D0 | E159: TIGER 코리아배당다우존스 | F159: 매도 | G159: 정정 | H159: 1000 | I159: 0 | J159: 3 | K159: 15545 | L159: 15545 | M159: 0.38304398 | N159: 0.38304398 | O159: 체결 | Q159: 159983 | R159: 159983 | S159: 159919 | T159: 997 | U159: 일반 | V159: 0 | W159: 지정가 | X159: 159919 | Z159: 알고리즘 | AA159: 일반
...
